player_id,team_id,bmi_id,player_name,age,position,height_in,weight_lbs
1,26,871,A.J. Brown,28,WR,73,226
2,26,1306,A.J. Dillon,27,RB,72,247
3,4,914,A.J. Epenesa,27,DE,78,260
4,20,111,A.J. Green III,27,CB,74,198
5,1,260,A.J. Terrell Jr.,27,CB,73,200
6,12,1668,Aaron Banks,28,G,77,325
7,2,486,Aaron Brewer,35,LS,77,232
8,20,1693,Aaron Brewer,28,OL,73,295
9,21,883,Aaron Jones Sr.,31,RB,70,208
10,27,682,Aaron Rodgers,42,QB,74,223
11,24,1701,Aaron Stinnie,32,OL,75,312
12,24,1143,Abdul Carter,22,OLB,75,252
13,28,1532,Abraham Lucas,27,T,78,322
14,19,1459,Adam Butler,31,DT,76,301
15,10,1291,Adam Prentice,29,FB,72,245
16,27,68,Adam Thielen,35,WR,74,195
17,10,912,Adam Trautman,29,TE,77,253
18,14,1426,Adetomiwa Adebawore,25,DT,74,282
19,8,1517,Adin Huntington,23,DT,73,281
20,25,249,Adonai Mitchell,23,WR,74,205
21,26,175,Adoree' Jackson,30,CB,71,185
22,3,1713,Aeneas Peebles,24,DL,72,289
23,11,939,Aidan Hutchinson,25,OLB,79,268
24,19,152,Aidan O'Connell,27,QB,75,206
25,5,202,Ainias Smith,24,WR,69,176
26,13,1634,Aireontae Ersery,24,T,78,330
27,28,733,AJ Barner,23,TE,78,251
28,19,344,AJ Cole,30,P,76,220
29,20,492,AJ Henning,24,WR,70,192
30,13,136,Ajani Carter,25,CB,74,200
31,9,1579,Ajani Cornelius,23,OT,76,310
32,5,112,Akayleb Evans,26,CB,74,198
33,18,1748,Alaric Jackson,27,OL,77,338
34,32,816,Ale Kaho,25,LB,74,230
35,4,1420,Alec Anderson,26,OL,77,305
36,14,257,Alec Pierce,25,WR,75,211
37,11,766,Alex Anzalone,31,LB,75,234
38,22,94,Alex Austin,24,CB,73,191
39,19,154,Alex Bachman,29,WR,72,190
40,10,1615,Alex Forsyth,27,C,76,312
41,27,810,Alex Highsmith,28,LB,76,242
42,20,1429,Alex Huntley,24,DT,76,298
43,10,1431,Alex Palczewski,26,T,78,314
44,10,1036,Alex Singleton,32,ILB,74,240
45,8,1163,Alex Wright,25,DE,77,267
46,29,1718,Alfred Collins,24,DL,77,332
47,31,1008,Ali Gaye,28,OLB,78,265
48,9,47,Alijah Clark,22,DB,73,187
49,13,566,Alijah Huzzie,25,CB,70,195
50,25,1455,Alijah Vera-Tucker,26,G,77,308
51,11,1734,Alim McNeill,25,DL,74,310
52,3,713,Alohi Gilman,28,S,70,201
53,11,1104,Al-Quadin Muhammad,30,OLB,75,250
54,23,1047,Alvin Kamara,30,RB,70,215
55,31,775,Amani Hooker,27,S,71,210
56,7,1660,Amarius Mims,23,OT,80,350
57,26,155,Ambry Thomas,26,CB,72,190
58,14,897,Ameer Abdullah,32,RB,69,203
59,11,380,Amik Robertson,27,CB,69,183
60,11,463,Amon-Ra St. Brown,26,WR,72,202
61,25,655,Andre Cisco,25,S,72,210
62,17,1447,Andre James,28,C,76,300
63,26,537,Andre' Sam,27,S,70,194
64,8,400,Andre Szmyt,27,K,72,200
65,7,235,Andrei Iosivas,26,WR,75,210
66,25,1190,Andrew Beck,29,FB,75,255
67,6,1814,Andrew Billings,30,DL,73,340
68,7,1373,Andrew Coker,24,OT,79,315
69,21,891,Andrew DePaola,38,LS,73,227
70,20,1485,Andrew Meyer,26,OL,75,295
71,21,811,Andrew Van Ginkel,30,OLB,76,242
72,3,1500,Andrew Vorhees,27,OL,78,320
73,15,401,Andrew Wingard,29,S,72,200
74,32,1411,Andrew Wylie,31,G,77,304
75,27,1387,Andrus Peat,32,G,79,316
76,22,601,Andy Borregales,23,K,71,202
77,5,614,Andy Dalton,38,QB,74,220
78,22,1261,Anfernee Jennings,28,LB,74,255
79,12,1687,Anthony Belton,25,T,78,336
80,28,1792,Anthony Bradford,24,G,75,335
81,11,1131,Anthony Firkser,31,TE,74,245
82,30,994,Anthony Nelson,29,OLB,79,271
83,5,872,Anthony Tyus III,22,RB,73,226
84,30,1069,Anthony Walker Jr.,30,LB,73,235
85,30,898,Antoine Winfield Jr.,27,S,69,203
86,15,1647,Anton Harrison,24,OL,76,315
87,32,118,Antonio Hamilton Sr.,33,CB,72,188
88,15,113,Antonio Johnson,24,S,74,198
89,7,1144,Antwaun Powell-Ryland,24,LB,75,252
90,3,453,Ar'Darius Washington,26,S,68,180
91,31,653,Arden Key,29,OLB,77,240
92,25,24,Arian Smith,24,WR,72,179
93,15,1256,Arik Armstead,32,DT,79,290
94,25,1759,Armand Membou,21,OT,76,332
95,1,1216,Arnold Ebiketie,27,ED,74,250
96,12,1105,Arron Mosby,26,DL,75,250
97,24,137,Art Green,25,CB,74,200
98,11,581,Arthur Maulet,32,CB,69,190
99,27,182,Asante Samuel Jr.,26,CB,70,180
100,5,1741,A'Shawn Robinson,30,DT,75,320
101,14,498,Ashton Dulin,28,WR,74,215
102,16,1311,Ashton Gillotte,23,DE,75,270
103,19,1158,Ashton Jeanty,22,RB,68,208
104,20,387,Ashtyn Davis,29,S,73,205
105,23,1548,Asim Richards,25,OL,76,307
106,19,1779,Atonio Mafi,25,G,75,330
107,23,1164,Audric Estimé,22,RB,71,227
108,29,1531,Austen Pleasants,28,OL,79,330
109,14,807,Austin Ajiake,25,LB,73,223
110,6,622,Austin Booker,23,DL,78,245
111,13,792,Austin Brinkman,23,LS,76,241
112,5,1526,Austin Corbett,30,G,76,305
113,17,1622,Austin Deculus,26,OT,77,321
114,22,1060,Austin Hooper,31,TE,76,254
115,20,1474,Austin Jackson,26,OL,77,310
116,15,1640,Austin Johnson,31,DL,76,314
117,2,1116,Austin Keys,23,ILB,74,244
118,25,58,Austin McNamara,25,P,76,204
119,24,1343,Austin Schlottmann,30,OL,78,300
120,11,607,Avonte Maddox,29,DB,69,191
121,25,203,Azareye'h Thomas,21,CB,73,197
122,13,769,Azeez Al-Shaair,28,LB,74,228
123,15,1390,B.J. Green II,22,DL,73,270
124,7,1690,B.J. Hill,30,DT,75,311
125,25,736,Bailey Zappe,26,QB,73,220
126,30,633,Baker Mayfield,30,QB,73,215
127,5,852,Bam Martin-Scott,25,LB,74,231
128,2,1191,Baron Browning,27,OLB,75,255
129,7,1118,Barrett Carter,23,LB,72,231
130,12,1203,Barryn Sorrell,23,DL,75,256
131,4,1154,Baylon Spector,27,LB,72,233
132,24,628,Beau Brade,24,S,72,209
133,18,1733,Beaux Limmer,24,OL,75,318
134,22,1522,Ben Brown,27,C,77,313
135,10,1580,Ben Powers,29,G,76,310
136,24,305,Ben Sauls,24,K,70,185
137,30,1475,Ben Scott,25,G,77,310
138,21,842,Ben Sims,25,TE,77,250
139,32,874,Ben Sinnott,23,TE,76,245
140,27,577,Ben Skowronek,28,WR,75,224
141,21,995,Ben Yurosek,23,TE,76,251
142,30,1396,Benjamin Chukwuma,24,T,78,310
143,30,156,Benjamin Morrison,21,CB,72,190
144,17,66,Benjamin St-Juste,28,CB,75,200
145,30,1079,Benton Whitley,27,OLB,76,255
146,14,1354,Bernhard Raimann,28,T,78,303
147,15,1052,Bhayshul Tuten,24,RB,69,209
148,1,900,Bijan Robinson,24,RB,71,215
149,2,1187,BJ Ojulari,23,OLB,74,248
150,21,1436,Blake Brandel,29,G,78,315
151,21,1070,Blake Cashman,29,LB,73,235
152,18,1021,Blake Corum,25,RB,68,202
153,13,1412,Blake Fisher,22,T,78,312
154,14,40,Blake Grupe,27,K,67,156
155,8,980,Blake Whiteheart,25,TE,76,250
156,21,1260,Bo Richter,25,OLB,73,248
157,5,1760,Bobby Brown III,25,DT,76,332
158,17,1769,Bobby Hart,31,OT,76,334
159,32,1268,Bobby Wagner,35,LB,72,242
160,28,1252,Boye Mafe,27,LB,75,261
161,18,1473,Braden Fiske,26,DE,75,294
162,26,506,Braden Mann,28,P,71,198
163,20,1253,Bradley Chubb,29,LB,76,268
164,1,1125,Bradley Pinion,31,P,77,265
165,25,499,Brady Cook,24,QB,74,215
166,28,1217,Brady Russell,27,FB,74,250
167,22,1080,Bradyn Swinson,23,LB,76,255
168,25,1071,Braelon Allen,22,RB,73,235
169,25,1048,Braiden McGregor,24,OLB,78,267
170,7,183,Bralyn Lux,25,CB,70,180
171,4,402,Brandin Cooks,32,WR,70,189
172,27,138,Brandin Echols,28,CB,70,179
173,31,353,Brandon Allen,33,QB,74,209
174,13,445,Brandon Codrington,25,CB,69,185
175,32,1501,Brandon Coleman,25,T,78,320
176,31,1388,Brandon Crenshaw-Dickson,25,T,79,316
177,1,1486,Brandon Dorlus,24,DL,75,295
178,26,1320,Brandon Graham,37,DE,74,265
179,26,306,Brandon Johnson,22,DB,70,185
180,12,92,Brandon McManus,34,K,75,201
181,28,1803,Brandon Pili,26,NT,74,334
182,25,634,Brandon Stephens,28,CB,73,215
183,15,663,Branson Combs,25,LB,75,228
184,16,591,Brashard Smith,22,RB,70,196
185,13,446,Braxton Berrios,30,WR,69,185
186,6,1407,Braxton Jones,26,OL,77,303
187,29,760,Brayden Willis,26,TE,76,240
188,25,952,Breece Hall,24,RB,71,217
189,8,941,Brenden Bates,26,TE,77,255
190,22,371,Brenden Schooler,28,S,74,210
191,3,1349,Brent Urban,34,DL,79,309
192,12,981,Brenton Cox Jr.,26,DL,76,250
193,15,1032,Brenton Strange,25,TE,76,253
194,21,372,Brett Rypien,29,QB,74,210
195,26,1358,Brett Toth,29,G,78,304
196,9,975,Brevyn Spann-Ford,26,TE,79,270
197,7,964,Brian Asamoah II,25,LB,73,230
198,24,843,Brian Burns,27,OLB,77,250
199,21,1351,Brian O'Neill,30,T,79,310
200,29,854,Brian Robinson Jr.,26,RB,73,225
201,15,354,Brian Thomas Jr.,23,WR,74,209
202,26,246,Britain Covey,28,WR,68,173
203,13,1119,British Brooks,26,RB,71,225
204,29,737,Brock Purdy,26,QB,73,220
205,19,1708,Brodric Martin,26,DT,77,330
206,9,99,Bryan Anger,37,P,75,202
207,23,1421,Bryan Bresee,24,DT,77,305
208,16,415,Bryan Cook,26,S,73,206
209,24,1422,Bryan Hudson,25,C,77,305
210,22,500,Bryce Baringer,26,P,74,215
211,29,1192,Bryce Huff,27,DL,75,255
212,31,611,Bryce Oliver,25,WR,73,214
213,5,942,Bryce Pierre,25,TE,77,255
214,5,770,Bryce Young,24,QB,70,204
215,5,176,Brycen Tremayne,26,WR,76,212
216,23,501,Bub Means,25,WR,74,215
217,30,567,Bucky Irving,23,RB,70,195
218,17,1262,Bud Dupree,33,OLB,76,269
219,2,568,Budda Baker,30,S,70,195
220,14,1037,Buddy Johnson,27,LB,74,240
221,28,1785,Byron Murphy II,23,DT,72,306
222,21,285,Byron Murphy Jr.,28,CB,71,190
223,18,1361,Byron Young,27,OLB,72,260
224,26,1443,Byron Young,25,DT,75,292
225,6,776,C.J. Gardner-Johnson,28,DB,71,210
226,21,1350,C.J. Ham,32,FB,71,250
227,16,1376,C.J. Hanson,25,OL,77,300
228,1,388,C.J. Henderson,27,CB,73,205
229,3,1802,C.J. Okoye,24,DL,78,370
230,31,1377,C.J. Ravenell,25,DL,77,300
231,13,433,C.J. Stroud,24,QB,75,218
232,29,1788,C.J. West,23,DL,73,316
233,5,1564,Cade Mays,26,C,78,325
234,30,777,Cade Otton,26,TE,77,247
235,13,996,Cade Stover,25,TE,76,251
236,22,1533,Caedan Wallace,25,OT,77,314
237,9,271,Caelen Carson,24,CB,72,195
238,6,247,Cairo Santos,34,K,68,173
239,2,1340,Calais Campbell,39,DL,80,315
240,10,600,Caleb Lohner,24,TE,79,250
241,24,1180,Caleb Murphy,26,OLB,75,254
242,19,1616,Caleb Rogers,24,G,76,312
243,6,873,Caleb Williams,24,QB,73,226
244,13,12,Calen Bullock,22,S,75,190
245,30,1617,Calijah Kancey,25,DL,72,280
246,27,17,Calvin Austin III,26,WR,69,162
247,10,1487,Calvin Throckmorton,29,G,77,311
248,14,403,Cam Bynum,27,S,72,200
249,7,913,Cam Grandy,26,TE,77,253
250,17,312,Cam Hart,25,CB,74,207
251,31,1702,Cam Horsley,24,DT,75,312
252,5,1606,Cam Jackson,23,DT,78,328
253,25,752,Cam Jones,26,LB,74,227
254,26,1600,Cam Jurgens,26,C,75,303
255,4,381,Cam Lewis,28,DB,69,183
256,15,4,Cam Little,22,K,73,172
257,20,679,Cam Miller,24,QB,72,211
258,8,1677,Cam Robinson,30,OT,78,335
259,7,1319,Cam Sample,26,DE,75,272
260,7,547,Cam Taylor-Britt,26,CB,71,200
261,31,590,Cam Ward,23,QB,74,219
262,17,664,Cameron Dicker,25,K,73,216
263,20,1009,Cameron Goode,27,LB,75,245
264,27,1353,Cameron Heyward,36,DT,77,295
265,26,724,Cameron Latu,26,TE,77,244
266,14,320,Cameron Mitchell,24,CB,71,191
267,8,1226,Cameron Thomas,25,DE,76,265
268,26,1567,Cameron Williams,22,T,77,317
269,23,1066,Carl Granderson,29,DE,77,261
270,3,817,Carl Jones,24,LB,74,230
271,22,416,Carlton Davis III,29,CB,73,206
272,12,132,Carrington Valentine,24,CB,72,189
273,27,892,Carson Bruener,24,LB,73,227
274,26,1063,Carson Steele,23,RB,72,228
275,3,1413,Carson Vinson,24,T,79,320
276,19,835,Carter Runyon,24,TE,76,243
277,20,1488,Carter Warren,27,OT,77,311
278,6,738,Case Keenum,38,QB,73,220
279,24,1275,Casey Kreiter,35,LS,73,250
280,1,534,Casey Washington,25,WR,72,205
281,31,915,Cedric Gray,23,LB,74,234
282,7,1278,Cedric Johnson,23,DE,75,264
283,8,360,Cedric Tillman,25,WR,75,215
284,20,103,Cedrick Wilson Jr.,30,WR,74,197
285,9,139,CeeDee Lamb,26,WR,74,200
286,23,1662,Cesar Ruiz,26,C,76,316
287,22,886,Chad Muma,26,LB,75,239
288,2,272,Chad Ryland,26,K,72,195
289,16,464,Chamarri Conner,25,DB,72,202
290,26,867,Chance Campbell,26,LB,74,232
291,5,1754,Chandler Zavala,26,G,75,322
292,2,868,Channing Tindall,25,ILB,74,232
293,28,1672,Charles Cross,25,T,76,317
294,19,1514,Charles Grant,23,T,76,304
295,16,1287,Charles Omenihu,28,DE,77,280
296,19,716,Charles Snowden,27,DE,78,250
297,22,177,Charles Woods,25,CB,71,185
298,30,1328,Charlie Heck,29,T,80,311
299,7,157,Charlie Jones,27,WR,72,190
300,3,1010,Charlie Kolar,27,TE,78,265
301,23,125,Charlie Smyth,24,K,76,210
302,1,844,Charlie Woerner,28,TE,77,250
303,7,930,Chase Brown,25,HB,70,210
304,32,954,Chase Edmonds,29,RB,69,205
305,29,133,Chase Lucas,29,CB,71,184
306,30,158,Chase McLaughlin,29,K,72,190
307,23,1126,Chase Young,26,DE,77,265
308,5,42,Chau Smith-Wade,23,CB,71,176
309,24,1269,Chauncey Golston,28,DL,77,277
310,21,1224,Chaz Chambliss,23,OLB,73,244
311,28,1024,Chazz Surratt,29,LB,73,233
312,3,602,Chidobe Awuzie,30,CB,71,202
313,31,863,Chig Okonkwo,26,TE,75,238
314,19,261,Chigozie Anusiem,25,CB,73,200
315,31,187,Chimere Dike,24,WR,73,196
316,20,1181,Chop Robinson,23,LB,75,254
317,27,13,Chris Boswell,34,K,74,185
318,30,1193,Chris Braswell,24,OLB,75,255
319,12,717,Chris Brooks,26,RB,73,219
320,30,494,Chris Godwin Jr.,30,WR,73,209
321,16,1397,Chris Jones,31,DT,78,310
322,1,1581,Chris Lindstrom,29,G,76,310
323,24,413,Chris Manhertz,33,TE,78,235
324,32,262,Chris Moore,32,WR,73,200
325,16,587,Chris Oladokun,28,QB,73,213
326,23,109,Chris Olave,25,WR,72,187
327,32,1723,Chris Paul,27,G,76,324
328,32,1106,Chris Rodriguez Jr.,26,RB,71,224
329,25,421,Chris Smith II,25,S,71,195
330,28,1309,Chris Stoll,27,LS,73,255
331,6,1646,Chris Williams,27,DL,74,298
332,14,1378,Chris Wormley,32,DT,77,300
333,22,1541,Christian Barmore,26,DT,77,315
334,4,389,Christian Benford,25,CB,73,205
335,15,178,Christian Braswell,26,CB,71,185
336,22,853,Christian Elliss,27,LB,74,231
337,22,390,Christian Gonzalez,23,CB,73,205
338,13,869,Christian Harris,25,LB,74,232
339,28,1794,Christian Haynes,25,G,73,318
340,30,689,Christian Izien,25,S,70,200
341,2,1607,Christian Jones,25,OL,77,320
342,13,548,Christian Kirk,29,WR,71,200
343,27,922,Christian Kuntz,31,LS,73,228
344,11,1773,Christian Mahogany,25,OL,75,327
345,29,778,Christian McCaffrey,29,RB,71,210
346,5,818,Christian Rozeboom,29,ILB,74,230
347,12,104,Christian Watson,26,WR,76,208
348,8,373,Christopher Edmonds,24,S,74,210
349,5,515,Chuba Hubbard,26,RB,73,210
350,27,656,Chuck Clark,30,DB,72,210
351,16,1347,Chukwuebuka Godrick,25,OT,77,293
352,25,1502,Chukwuma Okorafor,28,OL,78,320
353,15,1648,Chuma Edoga,28,OL,76,315
354,22,969,CJ Dippre,23,TE,77,256
355,5,819,Claudin Cherelus,27,LB,74,230
356,29,1227,Clelin Ferrell,28,DL,76,265
357,1,33,Cobee Bryant,24,CB,72,180
358,18,98,Cobie Durant,28,CB,71,181
359,28,115,Coby Bryant,26,S,73,193
360,31,982,Cody Barton,29,LB,74,237
361,7,1805,Cody Ford,29,OT,75,345
362,19,961,Cody Lindenberg,24,LB,74,236
363,10,1155,Cody Schrader,26,RB,69,214
364,2,820,Cody Simon,23,ILB,74,230
365,18,896,Colby Parkinson,27,TE,79,266
366,12,1293,Colby Wooden,25,DL,76,273
367,4,313,Cole Bishop,23,S,74,207
368,16,965,Cole Christiansen,28,LB,73,230
369,27,1165,Cole Holcomb,29,LB,73,240
370,6,857,Cole Kmet,26,TE,78,257
371,20,1476,Cole Strange,27,OL,77,310
372,20,524,Cole Turner,25,TE,78,240
373,15,1506,Cole Van Lanen,27,OL,77,312
374,18,1444,Coleman Shelton,30,OL,75,292
375,12,1038,Collin Oliver,23,DL,74,240
376,32,456,Colson Yankoff,26,TE,76,225
377,6,542,Colston Loveland,21,TE,78,241
378,29,1348,Colton McKivitz,29,OL,78,301
379,30,592,Connor Bazelak,25,QB,75,225
380,29,1466,Connor Colby,23,OL,77,309
381,27,1092,Connor Heyward,27,TE,72,230
382,4,1575,Connor McGovern,28,G,77,318
383,28,1188,Connor O'Toole,23,LB,74,248
384,9,1770,Cooper Beebe,24,C,76,335
385,26,358,Cooper DeJean,23,DB,72,198
386,28,391,Cooper Kupp,32,WR,73,205
387,16,904,Cooper McDonald,24,LB,75,240
388,3,593,Cooper Rush,32,QB,75,225
389,7,1437,Cordell Volson,27,G,78,315
390,8,809,Corey Bojorquez,29,P,72,217
391,3,1742,Corey Bullock,24,OT,75,320
392,2,1075,Corey Kiner,24,RB,69,210
393,31,1549,Corey Levin,31,C,76,307
394,27,374,Corliss Waitman,30,P,74,210
395,22,1527,Cory Durden,27,DL,76,305
396,10,245,Courtland Sutton,30,WR,76,216
397,24,254,Courtney Jackson,24,WR,71,189
398,22,404,Craig Woodson,25,S,72,200
399,16,1477,Creed Humphrey,26,C,76,302
400,29,795,Curtis Robinson,27,LB,75,235
401,18,1593,D.J. Humphries,32,OL,75,302
402,10,1783,D.J. Jones,31,DT,72,305
403,11,582,D.J. Reed,29,CB,69,190
404,5,1003,D.J. Wonnum,28,OLB,77,258
405,2,621,Dadrion Taylor-Demerson,25,S,70,197
406,7,405,Daijahn Anthony,25,S,72,200
407,17,992,Daiyan Henley,26,LB,72,225
408,9,997,Dak Prescott,32,QB,74,238
409,24,207,Dalen Cambre,24,WR,72,192
410,26,970,Dallas Goedert,31,TE,77,256
411,21,1053,Dallas Turner,23,OLB,75,247
412,4,761,Dalton Kincaid,26,TE,76,240
413,7,1507,Dalton Risner,30,G,77,312
414,13,690,Dalton Schultz,29,TE,77,242
415,14,1369,Dalton Tucker,25,G,78,307
416,30,184,Damarion Williams,27,CB,70,180
417,16,1049,Dameon Pierce,26,RB,70,215
418,5,1795,Damien Lewis,28,G,74,327
419,13,1132,Damone Clark,25,LB,74,245
420,5,100,Dan Chisena,29,WR,75,202
421,30,1582,Dan Feeney,31,G,76,310
422,31,1542,Dan Moore Jr.,27,T,77,315
423,6,1076,D'Andre Swift,27,RB,68,204
424,24,72,Dane Belton,25,S,73,190
425,8,583,D'Angelo Ross,29,CB,69,190
426,24,813,Daniel Bellinger,25,TE,78,255
427,20,1379,Daniel Brunskill,32,OL,77,300
428,19,119,Daniel Carlson,31,K,77,215
429,3,1768,Daniel Faalele,26,G,80,370
430,6,1263,Daniel Hardy,27,DL,74,255
431,11,1050,Daniel Thomas,27,S,70,215
432,12,128,Daniel Whelan,27,P,77,216
433,13,1089,Danielle Hunter,31,DE,77,263
434,26,406,Danny Gray,26,WR,72,200
435,14,1460,Danny Pinter,29,C,76,301
436,15,943,Danny Striggow,23,DL,77,255
437,23,750,Danny Stutsman,22,LB,75,233
438,24,821,Dante Miller,26,RB,69,200
439,2,1448,Dante Stills,26,DL,76,300
440,20,603,Dante Trader Jr.,23,S,71,202
441,4,1694,DaQuan Jones,34,DT,76,320
442,13,802,Dare Ogunbowale,31,RB,70,205
443,28,705,Dareke Young,26,WR,74,224
444,12,1637,Darian Kinnard,26,T,77,322
445,19,69,Darien Porter,25,CB,74,195
446,18,608,Darious Williams,32,CB,69,191
447,24,1583,Darius Alexander,25,DL,76,310
448,26,779,Darius Cooper,24,WR,71,210
449,24,1178,Darius Muasau,25,LB,72,234
450,2,1313,Darius Robinson,24,DL,77,285
451,24,219,Darius Slayton,29,WR,73,198
452,19,647,Darnay Holmes,27,CB,70,198
453,1,85,Darnell Mooney,28,WR,71,180
454,4,507,Darnell Savage,28,S,71,198
455,6,1669,Darnell Wright,24,OL,77,325
456,9,337,DaRon Bland,26,CB,72,197
457,32,1743,Daron Payne,28,DT,75,320
458,31,73,Darrell Baker Jr.,27,CB,73,190
459,29,159,Darrell Luter Jr.,25,CB,72,190
460,2,273,Darren Hall,25,CB,72,195
461,17,1594,Da'Shawn Hand,30,DL,75,302
462,18,364,Davante Adams,33,WR,73,204
463,4,1389,David Edwards,28,G,78,308
464,31,1054,David Martin-Robinson,26,TE,75,247
465,11,1212,David Montgomery,28,RB,71,230
466,5,879,David Moore,31,WR,72,220
467,8,889,David Njoku,29,TE,76,246
468,3,1017,David Ojabo,25,OLB,76,252
469,1,1584,David Onyemata,33,DL,76,310
470,18,1679,David Quessenberry,35,OL,75,310
471,1,258,David Sills V,30,WR,75,211
472,18,1159,Davis Allen,25,TE,75,253
473,13,457,Davis Mills,27,QB,76,225
474,23,1780,Davon Godchaux,31,DT,75,330
475,15,1771,DaVon Hamilton,29,DT,76,335
476,4,1061,Dawson Knox,29,TE,76,254
477,15,1336,Dawuane Smoot,31,DE,75,275
478,7,274,Dax Hill,25,CB,72,195
479,25,417,Dean Clark,24,S,73,206
480,3,516,DeAndre Hopkins,33,WR,73,210
481,17,275,Deane Leonard,26,DB,72,195
482,19,44,Decamerion Richardson,24,CB,74,192
483,1,86,Dee Alford,28,CB,71,180
484,29,1166,Dee Winters,25,LB,71,227
485,32,755,Deebo Samuel,30,WR,72,215
486,15,1231,DeeJay Dallas,27,RB,70,225
487,30,780,Deion Jones,31,LB,73,222
488,22,549,Dell Pettus,24,S,71,200
489,17,822,Del'Shawn Phillips,29,LB,74,230
490,5,635,Demani Richardson,25,S,73,215
491,28,1248,DeMarcus Lawrence,33,LB,74,254
492,29,324,Demarcus Robinson,31,WR,73,202
493,22,759,DeMario Douglas,25,WR,68,192
494,9,615,DeMarvion Overshown,25,LB,74,220
495,24,683,Demetrius Flannigan-Fowles,29,LB,74,223
496,7,1039,Demetrius Knight Jr.,25,LB,74,240
497,2,1438,Demontrey Jacobs,27,OL,78,315
498,13,1314,Denico Autry,35,DE,77,285
499,15,1138,Dennis Gardeck,31,LB,72,232
500,30,74,Dennis Houston,26,WR,73,190
501,2,286,Denzel Burke,23,CB,71,190
502,17,1302,Denzel Perryman,33,LB,71,240
503,8,287,Denzel Ward,28,CB,71,190
504,29,691,Deommodore Lenoir,26,DB,70,200
505,4,1539,Deone Walker,21,DT,79,331
506,24,140,Deonte Banks,24,CB,74,200
507,13,1236,Derek Barnett,29,DE,75,259
508,13,148,Derek Stingley Jr.,24,CB,73,195
509,28,1249,Derick Hall,24,LB,74,254
510,18,160,Derion Kendrick,25,CB,72,190
511,17,80,Derius Davis,25,WR,68,165
512,11,1243,Derrick Barnes,26,LB,72,240
513,5,1608,Derrick Brown,27,DT,77,320
514,27,1625,Derrick Harmon,22,DT,76,313
515,3,1233,Derrick Henry,32,RB,74,252
516,20,983,Derrick McLendon,25,LB,76,250
517,16,1791,Derrick Nnadi,29,DT,73,317
518,17,502,Derwin James Jr.,29,S,74,215
519,18,1470,Desjuan Johnson,26,DE,73,278
520,12,259,Desmond Ridder,26,QB,75,211
521,10,646,Deuce Vaughn,24,RB,66,176
522,23,59,Devaughn Vele,28,WR,77,210
523,1,9,Deven Thompkins,26,WR,68,155
524,8,1266,Devin Bush,27,LB,71,235
525,30,714,Devin Culp,26,TE,76,237
526,6,604,Devin Duvernay,28,WR,71,202
527,15,796,Devin Lloyd,27,LB,75,235
528,23,858,Devin Neal,22,RB,71,213
529,24,1183,Devin Singletary,28,RB,67,203
530,19,1330,Devin White,28,LB,72,252
531,20,609,De'Von Achane,24,RB,69,191
532,10,610,Devon Key,28,DB,72,208
533,28,81,Devon Witherspoon,25,CB,72,185
534,26,6,DeVonta Smith,27,WR,72,170
535,3,220,Devontez Walker,24,WR,73,198
536,24,1784,Dexter Lawrence II,28,DL,76,340
537,8,674,Dillon Gabriel,25,QB,71,205
538,4,1609,Dion Dawkins,31,T,77,320
539,1,545,Divine Deablo,27,ILB,75,223
540,14,700,DJ Giddens,22,RB,72,212
541,19,1756,DJ Glaze,23,T,76,331
542,7,105,DJ Ivey,26,CB,73,192
543,6,715,DJ Moore,28,WR,72,213
544,11,1781,DJ Reader,31,DL,75,330
545,7,179,DJ Turner II,25,CB,71,185
546,27,546,DK Metcalf,28,WR,76,229
547,6,1025,D'Marco Jackson,27,LB,73,233
548,7,200,Dohnte Meyers,25,WR,71,186
549,11,307,Dominic Lovett,23,WR,70,185
550,29,1523,Dominick Puni,26,OL,77,313
551,6,1250,Dominique Robinson,27,DL,77,275
552,10,920,Dondrea Tillman,27,OLB,76,247
553,20,565,Donovan Edwards,23,RB,73,212
554,9,1189,Donovan Ezeiruaku,22,DE,74,248
555,21,1724,Donovan Jackson,23,OL,76,324
556,8,211,Donovan McMillon,23,S,74,203
557,12,418,Dontayvion Wicks,24,WR,73,206
558,17,185,Donte Jackson,30,CB,70,180
559,19,25,Dont'e Thornton Jr.,23,WR,77,205
560,31,1055,Dorian Mausi,24,LB,73,234
561,4,823,Dorian Williams,24,LB,74,230
562,27,1365,Doug Nester,25,OL,78,306
563,32,1294,Drake Jackson,24,DE,76,273
564,1,224,Drake London,24,WR,76,215
565,22,458,Drake Maye,23,QB,76,225
566,28,1185,Drake Thomas,26,LB,71,228
567,10,1093,Dre Greenlaw,28,LB,72,230
568,3,1285,Dre'Mont Jones,29,DE,75,265
569,26,1557,Drew Kendall,24,C,76,308
570,28,665,Drew Lock,29,QB,75,228
571,31,1601,Drew Moss,22,G,75,303
572,7,1045,Drew Sample,29,TE,77,260
573,10,510,Drew Sanders,25,LB,77,233
574,24,87,Dru Phillips,24,CB,71,180
575,16,916,Drue Tranquill,30,LB,74,234
576,27,474,D'Shawn Jamison,26,DB,69,186
577,6,803,Durham Smythe,30,TE,77,248
578,21,14,Dwight McGlothern,24,CB,74,185
579,15,276,Dyami Brown,26,WR,72,195
580,27,1360,Dylan Cook,28,OT,78,305
581,1,161,Dylan Drummond,26,WR,72,190
582,7,1576,Dylan Fairchild,22,G,77,318
583,13,1303,Dylan Horton,25,DE,76,275
584,19,924,Dylan Laube,26,RB,69,204
585,19,1800,Dylan Parham,26,G,74,332
586,8,976,Dylan Sampson,21,RB,68,200
587,26,623,E.J. Jenkins,27,TE,78,245
588,13,511,E.J. Speed,30,LB,76,227
589,8,1167,Easton Mascarenas-Arnold,23,LB,71,227
590,1,829,Easton Stick,30,QB,73,224
591,13,1657,Ed Ingram,27,G,75,307
592,4,1599,Ed Oliver,28,DT,73,287
593,29,288,Eddy Pińeiro,30,K,71,190
594,8,1168,Edefuan Ulofoshio,26,LB,73,240
595,12,800,Edgerrin Cooper,24,LB,74,229
596,22,648,Efton Chism III,24,WR,70,198
597,19,1267,Elandon Roberts,31,LB,71,235
598,13,1570,Eli Cox,25,C,76,309
599,31,283,Elic Ayomanor,22,WR,74,206
600,28,1062,Elijah Arroyo,22,TE,76,254
601,24,1574,Elijah Chatman,25,DL,72,278
602,1,1395,Elijah Garcia,27,DL,77,302
603,6,651,Elijah Hicks,26,DB,71,204
604,2,1011,Elijah Higgins,25,TE,75,245
605,2,34,Elijah Jones,26,CB,73,185
606,30,1689,Elijah Klein,25,G,76,319
607,17,493,Elijah Molden,27,DB,70,192
608,22,1254,Elijah Ponder,23,LB,75,261
609,30,1403,Elijah Roberts,24,DL,76,295
610,30,1811,Elijah Simmons,24,DL,73,334
611,1,1398,Elijah Wilkinson,31,OL,78,310
612,12,1238,Emanuel Wilson,26,RB,70,226
613,2,1182,Emari Demercado,27,RB,69,215
614,30,392,Emeka Egbuka,23,WR,73,205
615,3,1610,Emery Jones Jr.,22,OT,77,320
616,18,8,Emmanuel Forbes Jr.,25,CB,72,173
617,15,1304,Emmanuel Ogbah,32,DL,76,275
618,24,955,Eric Gray,26,RB,70,211
619,14,1695,Eric Johnson II,27,DT,76,320
620,29,1139,Eric Kendricks,34,LB,72,232
621,15,528,Eric Murray,32,S,71,199
622,28,1033,Eric Saubert,31,TE,76,253
623,19,116,Eric Stokes,27,CB,73,193
624,25,1270,Eric Watts,25,DL,77,277
625,21,987,Eric Wilson,31,LB,73,231
626,7,944,Erick All Jr.,25,TE,77,255
627,31,550,Erick Hallett,25,S,71,200
628,23,1489,Erik McCoy,28,C,76,303
629,28,966,Ernest Jones IV,26,LB,73,230
630,16,1408,Esa Pole,24,OL,79,319
631,27,1300,Esezi Otomewo,26,DE,77,282
632,20,75,Ethan Bonner,26,CB,73,190
633,16,1207,Ethan Downs,23,OLB,76,263
634,18,1297,Ethan Evans,24,P,73,253
635,20,277,Ethan Robinson,22,CB,72,195
636,2,1744,Evan Brown,29,OL,75,320
637,30,1145,Evan Deckers,27,LS,75,252
638,10,905,Evan Engram,31,TE,75,240
639,23,906,Evan Hull,25,RB,70,209
640,7,180,Evan McPherson,26,K,71,185
641,12,551,Evan Williams,24,S,71,200
642,10,1503,Eyioma Uwazurike,27,DL,78,320
643,15,1414,Ezra Cleveland,27,OL,78,312
644,21,512,Fabian Moreau,31,CB,72,204
645,23,1111,Fadil Diggs,24,DE,76,257
646,1,543,Feleipe Franks,28,TE,78,241
647,15,824,Foyesade Oluokun,30,LB,74,230
648,10,1374,Frank Crum,25,T,79,315
649,32,797,Frankie Luvu,29,LB,75,235
650,26,1471,Fred Johnson,28,T,79,326
651,26,1324,Gabe Hall,25,DT,78,295
652,8,205,Gage Larvadain,23,WR,68,171
653,10,1380,Garett Bolles,33,T,77,300
654,29,825,Garret Wallow,27,LB,74,230
655,22,1558,Garrett Bradbury,30,C,75,300
656,31,120,Garrett Dellinger,24,G,77,215
657,30,578,Garrett Greene,24,WR,71,201
658,10,875,Garrett Nelson,26,DE,76,245
659,25,54,Garrett Wilson,25,WR,72,183
660,7,706,Gary Brightwell,28,HB,73,218
661,19,508,Geno Smith,35,QB,75,221
662,7,781,Geno Stone,26,S,71,210
663,32,1357,George Fant,33,T,77,296
664,28,782,George Holani,26,RB,71,210
665,16,1208,George Karlaftis,24,DE,76,263
666,14,325,George Odum,32,S,73,202
667,14,1107,Germaine Pratt,29,LB,75,250
668,6,1573,Gervon Dexter Sr.,25,DL,78,326
669,6,1685,Grady Jarrett,32,DL,73,294
670,30,1534,Graham Barton,23,C,77,314
671,13,525,Graham Mertz,25,QB,74,216
672,26,762,Grant Calcaterra,27,TE,76,240
673,8,206,Grant Delpit,27,S,75,208
674,11,1120,Grant Stuard,27,LB,71,225
675,19,223,Greedy Vance,24,CB,69,177
676,20,876,Greg Dulcich,25,TE,76,245
677,30,1778,Greg Gaines,29,DL,73,312
678,15,208,Greg Newsome II,25,CB,72,192
679,4,1026,Greg Rousseau,25,DE,78,266
680,24,1404,Greg Van Roten,36,G,76,295
681,28,1449,Grey Zabel,23,G,78,316
682,14,1641,Grover Stewart,32,DT,76,314
683,31,670,Gunnar Helm,23,TE,77,241
684,24,162,Gunner Olszewski,29,WR,72,190
685,25,1508,Gus Hartwig,24,C,77,312
686,30,1169,Haason Reddick,31,OLB,73,240
687,8,793,Harold Fannin Jr.,21,TE,76,241
688,22,1234,Harold Landry III,29,LB,74,252
689,13,710,Harrison Bryant,27,TE,77,243
690,16,62,Harrison Butker,30,K,76,205
691,18,1292,Harrison Mevis,23,K,72,245
692,25,1658,Harrison Phillips,30,DL,75,307
693,21,398,Harrison Smith,37,S,74,211
694,17,771,Hassan Haskins,26,RB,74,228
695,2,1439,Hayden Conner,23,OL,78,315
696,25,509,Hendon Hooker,28,QB,75,221
697,21,1535,Henry Byrd,26,G,77,314
698,13,772,Henry To'oTo'o,25,LB,74,228
699,2,1478,Hjalte Froholdt,29,OL,77,310
700,11,1019,Hogan Hatten,25,LS,74,239
701,26,1555,Hollin Pierce,24,OL,80,341
702,16,315,Hollywood Brown,28,WR,69,180
703,7,1568,Howard Cross III,24,DT,73,285
704,22,815,Hunter Henry,31,TE,77,249
705,15,711,Hunter Long,27,TE,77,243
706,9,1121,Hunter Luepke,26,RB,73,238
707,16,1728,Hunter Nourzad,25,OL,75,317
708,19,1160,Ian Thomas,29,TE,75,253
709,20,236,Ifeatu Melifonwu,26,S,75,210
710,5,1696,Ikem Ekwonu,25,T,76,320
711,25,326,Irvin Charles,28,WR,76,219
712,29,899,Isaac Guerendo,25,RB,72,221
713,27,1490,Isaac Seumalo,32,G,76,303
714,11,210,Isaac TeSlaa,24,WR,76,214
715,23,52,Isaac Yiadom,30,CB,73,188
716,2,1649,Isaiah Adams,25,OL,76,315
717,8,88,Isaiah Bond,21,WR,71,180
718,25,739,Isaiah Davis,24,RB,73,220
719,7,1288,Isaiah Foskey,25,DE,77,280
720,24,67,Isaiah Hodgins,27,WR,75,200
721,3,877,Isaiah Likely,25,TE,76,245
722,12,893,Isaiah McDuffie,26,LB,73,227
723,8,1255,Isaiah McGuire,24,DE,76,268
724,25,465,Isaiah Oliver,29,S,72,202
725,19,122,Isaiah Pola-Mao,26,S,75,204
726,21,186,Isaiah Rodgers,28,CB,70,180
727,5,727,Isaiah Simmons,27,S,76,238
728,23,636,Isaiah Stalbird,25,LB,73,215
729,25,308,Isaiah Williams,25,WR,70,185
730,16,1067,Isiah Pacheco,27,RB,70,216
731,21,1317,Ivan Pace Jr.,25,LB,70,236
732,21,454,J.J. McCarthy,23,QB,75,219
733,10,977,J.K. Dobbins,27,RB,70,212
734,30,466,J.T. Gray,30,S,72,202
735,27,859,Jabrill Peppers,30,S,71,213
736,19,612,Jack Bech,23,WR,73,214
737,11,756,Jack Campbell,25,LB,77,246
738,16,814,Jack Cochrane,27,LB,75,236
739,27,1509,Jack Driscoll,28,OL,77,312
740,11,574,Jack Fox,29,P,74,218
741,22,945,Jack Gibbens,27,LB,75,242
742,25,1620,Jack Heflin,28,DT,75,304
743,20,31,Jack Jones,28,CB,71,175
744,1,1366,Jack Nelson,24,OL,79,314
745,27,1161,Jack Sawyer,23,LB,76,260
746,22,1133,Jack Westover,26,FB,74,245
747,4,1034,Jackson Hawes,25,TE,76,253
748,31,1691,Jackson Slater,22,G,75,311
749,20,826,Jackson Woodard,23,LB,74,230
750,7,1680,Jacob Bayer,23,C,75,310
751,19,1194,Jacob Bobenmoyer,28,LS,72,235
752,32,1083,Jacob Martin,30,DE,74,242
753,12,1663,Jacob Monk,24,C,75,308
754,30,649,Jacob Parrish,22,CB,70,198
755,11,422,Jacob Saylors,26,RB,71,195
756,2,676,Jacoby Brissett,33,QB,76,235
757,5,1218,Jacoby Windmon,24,LB,74,250
758,32,734,Jacory Croskey-Merritt,24,RB,71,208
759,16,637,Jaden Hicks,23,DB,73,215
760,10,225,Jaden Robinson,25,CB,72,193
761,26,1150,Jaelan Phillips,26,OLB,77,266
762,26,134,Jahan Dotson,25,WR,71,184
763,10,552,Jahdae Barron,24,CB,71,200
764,6,153,Jahdae Walker,23,WR,75,206
765,26,1064,Jaheim Bell,24,TE,74,241
766,19,1264,Jahfari Harvey,24,DE,74,255
767,22,1265,Jahlani Tavai,29,LB,74,255
768,11,880,Jahmyr Gibbs,23,RB,69,202
769,13,1664,Jake Andrews,26,C,75,308
770,20,429,Jake Bailey,28,P,74,212
771,11,728,Jake Bates,27,K,70,202
772,28,191,Jake Bobo,27,WR,75,207
773,29,1435,Jake Brendel,33,OL,76,299
774,7,355,Jake Browning,29,QB,74,209
775,5,1450,Jake Curhan,28,T,78,316
776,26,45,Jake Elliott,31,K,69,167
777,9,725,Jake Ferguson,27,TE,77,244
778,3,1072,Jake Hummel,27,LB,73,235
779,1,1479,Jake Matthews,34,T,77,310
780,18,1195,Jake McQuaide,38,LS,72,235
781,32,517,Jake Moody,26,K,73,210
782,29,763,Jake Tonges,26,TE,76,240
783,15,141,Jakobi Meyers,29,WR,74,200
784,12,163,Jakobie Keeney-James,25,WR,72,190
785,26,692,Jakorian Bennett,25,CB,70,200
786,10,783,Jaleel McLaughlin,25,RB,67,187
787,2,250,Jalen Brooks,25,WR,74,205
788,26,1714,Jalen Carter,24,DT,75,314
789,5,318,Jalen Coker,24,WR,75,213
790,7,331,Jalen Davis,30,CB,70,186
791,29,482,Jalen Graham,25,LB,75,220
792,26,808,Jalen Hurts,27,QB,73,223
793,7,164,Jalen Kimber,25,CB,72,190
794,30,106,Jalen McMillan,24,WR,73,192
795,11,192,Jalen Mills,31,S,72,191
796,28,666,Jalen Milroe,23,QB,73,216
797,21,529,Jalen Nailor,27,WR,71,199
798,13,407,Jalen Pitre,26,S,72,200
799,27,540,Jalen Ramsey,31,CB,73,211
800,21,1627,Jalen Redmond,26,DL,75,305
801,6,1094,Jalen Reeves-Maybin,31,LB,72,230
802,7,1595,Jalen Rivers,23,G,77,319
803,16,278,Jalen Royals,23,WR,72,195
804,28,1461,Jalen Sundell,26,C,76,301
805,2,289,Jalen Thompson,27,S,71,190
806,14,1536,Jalen Travis,23,T,80,339
807,4,518,Jalen Virgil,27,WR,73,210
808,24,82,Jalin Hyatt,24,WR,72,185
809,1,1134,Jalon Walker,22,ED,74,245
810,32,1307,Jalyn Holmes,30,DE,77,283
811,23,345,Ja'Lynn Polk,23,WR,73,203
812,26,1146,Jalyx Hunt,24,OLB,75,252
813,25,317,Jamaal Pritchett,22,WR,68,175
814,19,588,Jamal Adams,30,LB,73,213
815,13,1030,Jamal Hill,24,LB,72,227
816,13,29,Ja'Marcus Ingram,28,CB,74,190
817,17,1815,Jamaree Caldwell,25,DT,73,340
818,17,1727,Jamaree Salyer,25,OL,76,325
819,8,165,Jamari Thrash,25,WR,72,190
820,7,535,Ja'Marr Chase,26,WR,72,205
821,24,594,Jameis Winston,32,QB,76,231
822,30,419,Jamel Dean,29,CB,73,206
823,4,290,James Cook III,26,RB,71,190
824,9,1184,James Houston,27,DE,73,241
825,31,1405,James Lynch,27,DL,76,295
826,5,962,James Mitchell,26,TE,76,249
827,1,712,James Pearce Jr.,22,ED,77,243
828,27,15,James Pierre,29,CB,74,185
829,31,368,James Proche II,29,WR,71,193
830,31,616,James Williams Sr.,23,LB,76,232
831,16,907,James Winchester,36,LS,75,240
832,11,19,Jameson Williams,24,WR,73,182
833,24,441,Jamie Gillan,28,P,73,207
834,25,526,Jamien Sherwood,26,LB,74,216
835,5,1334,Jamil Muhammad,25,LB,73,260
836,1,423,Jammie Robinson,25,S,71,195
837,6,365,Jaquan Brisker,26,DB,73,204
838,10,237,Ja'Quan McMillian,25,CB,70,183
839,5,984,Jared Bartlett,24,LB,74,237
840,11,270,Jared Goff,31,QB,76,217
841,5,1392,Jared Harrison-Hunte,25,DE,76,294
842,28,1170,Jared Ivey,24,LB,78,274
843,18,1321,Jared Verse,25,OLB,74,265
844,13,238,Jared Wayne,25,WR,75,210
845,16,709,Jared Wiley,25,TE,78,249
846,22,1681,Jared Wilson,22,OL,75,310
847,17,850,Jaret Patterson,26,RB,68,195
848,25,251,Jarius Monroe,25,S,74,205
849,18,956,Jarquez Hunter,23,RB,70,211
850,28,1762,Jarran Reed,33,NT,74,315
851,13,1559,Jarrett Kingston,26,T,76,308
852,13,1585,Jarrett Patterson,26,C,76,310
853,10,361,Jarrett Stidham,29,QB,75,215
854,15,291,Jarrian Jones,24,CB,71,190
855,24,393,Jarrick Bernard-Converse,25,CB,73,205
856,25,538,Jarvis Brownlee Jr.,24,DB,70,194
857,5,70,Ja'seem Reed,22,WR,74,195
858,25,309,Ja'Sir Taylor,27,CB,70,185
859,20,513,Jason Marshall Jr.,23,CB,72,204
860,28,434,Jason Myers,34,K,70,190
861,30,1209,Jason Pierre-Paul,37,OLB,77,270
862,29,408,Jason Pinnock,26,S,72,200
863,5,1692,Ja'Tyre Carter,27,G,75,311
864,29,292,Jauan Jennings,28,WR,75,212
865,12,650,Javon Bullard,23,S,70,198
866,7,1596,Javon Foster,25,OT,77,319
867,21,1720,Javon Hargrave,33,DL,74,307
868,32,1597,Javon Kinlaw,28,DT,77,319
869,4,1247,Javon Solomon,25,DE,73,247
870,9,1151,Javonte Williams,25,RB,70,220
871,13,310,Jawhar Jordan,26,RB,70,185
872,28,338,Jaxon Smith-Njigba,24,WR,72,197
873,24,684,Jaxson Dart,22,QB,74,223
874,3,1095,Jay Higgins IV,24,ILB,72,230
875,9,1809,Jay Toia,22,DT,74,342
876,25,1628,Jay Tufele,26,DL,75,305
877,21,76,Jay Ward,25,S,73,190
878,5,263,Jaycee Horn,26,CB,73,200
879,32,126,Jayden Daniels,25,QB,76,210
880,13,226,Jayden Higgins,23,WR,76,215
881,12,213,Jayden Reed,25,WR,71,187
882,9,726,Jaydon Blue,22,RB,69,196
883,23,1040,Jaylan Ford,24,LB,74,240
884,31,921,Jaylen Harrell,23,OLB,76,247
885,18,680,Jaylen McCollough,25,S,72,211
886,13,701,Jaylen Reed,23,S,72,212
887,20,311,Jaylen Waddle,27,WR,70,185
888,27,1257,Jaylen Warren,27,RB,68,215
889,20,884,Jaylen Wright,22,RB,70,208
890,13,579,Jaylin Noel,23,WR,71,201
891,12,35,Jaylin Simpson,25,DB,72,180
892,22,471,Jaylinn Hawkins,28,S,73,208
893,14,641,Jaylon Carlies,24,LB,75,227
894,6,279,Jaylon Johnson,26,DB,72,195
895,6,293,Jaylon Jones,28,DB,71,190
896,14,212,Jaylon Jones,23,CB,74,203
897,16,1598,Jaylon Moore,28,OL,76,311
898,30,1678,Jayson Jones,24,DL,78,335
899,31,1726,JC Latham,23,T,78,342
900,1,967,JD Bertrand,25,ILB,73,230
901,32,595,Jeff Driskel,32,QB,76,231
902,31,1528,Jeffery Simmons,28,DT,76,305
903,16,932,Jeffrey Bassa,23,LB,74,235
904,25,667,Jelani Woods,27,TE,79,253
905,8,1697,Jeremiah Byers,24,OT,76,320
906,27,784,Jeremiah Moon,27,LB,77,247
907,26,993,Jeremiah Trotter Jr.,23,LB,72,225
908,10,129,Jeremy Crawshaw,24,P,75,205
909,32,957,Jeremy McNichols,30,RB,69,205
910,32,553,Jeremy Reaves,29,S,71,200
911,25,845,Jeremy Ruckert,25,TE,77,250
912,24,1776,Jermaine Eluemunor,31,OL,76,338
913,25,925,Jermaine Johnson,27,LB,77,254
914,8,870,Jerome Baker,29,LB,74,232
915,31,747,Jerrick Reed II,25,S,69,197
916,8,149,Jerry Jeudy,26,WR,73,195
917,16,1325,Jerry Tillery,29,DL,78,295
918,32,1602,Jer'Zhan Newton,23,DT,74,295
919,22,1242,Jesse Luketa,27,LB,75,260
920,1,519,Jessie Bates III,29,S,73,210
921,24,442,Jevón Holland,26,S,73,207
922,29,605,Ji'Ayir Brown,26,S,71,202
923,26,798,Jihaad Campbell,22,LB,75,235
924,31,1315,Jihad Ward,31,OLB,77,285
925,18,1015,Jimmy Garoppolo,34,QB,72,226
926,5,284,Jimmy Horn Jr.,23,WR,68,174
927,5,933,JJ Jansen,40,LS,74,235
928,19,1789,JJ Pegues,24,DT,74,325
929,17,46,JK Scott,30,P,77,208
930,10,346,JL Skinner,24,S,76,220
931,4,1006,Joe Andreessen,26,LB,73,232
932,31,934,Joe Bachie,28,LB,74,235
933,7,227,Joe Burrow,29,QB,76,215
934,20,1065,Joe Cardona,33,LS,74,241
935,7,624,Joe Flacco,41,QB,78,245
936,7,917,Joe Giles-Harris,28,LB,74,234
937,21,1480,Joe Huber,23,G,77,310
938,9,757,Joe Milton III,26,QB,77,246
939,13,740,Joe Mixon,29,RB,73,220
940,6,1391,Joe Thuney,33,OL,77,301
941,25,1425,Joe Tippmann,24,C,78,313
942,6,1022,Joe Tryon-Shoyinka,26,DL,77,259
943,8,1698,Joel Bitonio,34,G,76,320
944,4,1289,Joey Bosa,30,DE,77,280
945,27,50,Joey Porter Jr.,25,CB,74,193
946,31,860,Joey Slye,29,K,71,213
947,32,836,John Bates,28,TE,78,256
948,14,1096,John Bullock,24,LB,72,230
949,10,1356,John Franklin-Myers,29,DL,76,288
950,3,1816,John Jenkins,36,DL,75,360
951,25,214,John Metchie III,25,WR,71,187
952,26,1467,John Ojukwu,27,OT,77,309
953,25,1752,John Simpson,28,OL,76,330
954,21,707,John Wolford,30,QB,73,218
955,12,166,Johnathan Baldwin,23,S,72,190
956,14,303,Johnathan Edwards,24,CB,73,201
957,31,330,Johnny Hekker,36,P,77,225
958,15,837,Johnny Mundt,31,TE,76,243
959,2,1650,Jon Gaines II,26,OL,76,315
960,19,1205,Jon Rhattigan,27,LB,72,236
961,24,1550,Jon Runyan,28,G,76,307
962,29,1346,Jon Weeks,40,LS,70,242
963,10,1152,Jonah Elliss,22,OLB,74,246
964,6,1739,Jonah Jackson,29,OL,75,319
965,19,1332,Jonah Laulu,25,DT,77,289
966,15,1481,Jonah Monheim,23,OL,77,310
967,20,1675,Jonah Savaiinaea,22,OL,77,326
968,23,541,Jonas Sanker,24,S,73,211
969,21,1560,Jonathan Allen,31,DL,75,300
970,12,1749,Jonathan Ford,27,DL,77,338
971,32,447,Jonathan Jones,32,CB,69,185
972,9,617,Jonathan Mingo,24,WR,74,220
973,6,652,Jonathan Owens,30,DB,71,204
974,14,1239,Jonathan Taylor,27,RB,70,226
975,5,585,Jonathon Brooks,22,RB,72,207
976,10,1112,Jonathon Cooper,28,OLB,76,257
977,21,63,Jordan Addison,24,WR,71,179
978,7,638,Jordan Battle,25,S,73,215
979,2,1323,Jordan Burch,24,OLB,76,280
980,25,414,Jordan Clark,24,CB,69,184
981,26,1688,Jordan Davis,26,DT,78,336
982,29,1491,Jordan Elliott,28,DL,76,303
983,4,280,Jordan Hancock,22,DB,72,195
984,23,629,Jordan Howden,25,DB,72,209
985,10,1393,Jordan Jackson,28,DL,76,294
986,29,1023,Jordan James,21,RB,69,208
987,7,1673,Jordan Jefferson,24,DT,76,317
988,12,327,Jordan Love,27,QB,76,219
989,32,596,Jordan Magee,24,LB,75,225
990,26,1750,Jordan Mailata,28,T,80,365
991,21,1213,Jordan Mason,26,RB,71,230
992,6,1717,Jordan McFadden,26,OL,74,306
993,10,1659,Jordan Miller,26,NT,75,307
994,7,193,Jordan Moore,23,WR,72,191
995,12,1492,Jordan Morgan,24,T,77,311
996,20,1629,Jordan Phillips,21,DT,75,305
997,4,194,Jordan Poyer,34,S,72,191
998,3,221,Jordan Stout,27,P,75,209
999,10,988,Jordan Turner,24,ILB,73,231
1000,29,448,Jordan Watkins,24,WR,71,196
1001,18,328,Jordan Whittington,25,WR,73,202
1002,20,1244,Jordyn Brooks,28,LB,72,240
1003,18,1282,Josaiah Stewart,22,OLB,73,251
1004,26,1235,Jose Ramirez,26,OLB,74,252
1005,3,1623,Joseph Noteboom,30,T,77,321
1006,7,1210,Joseph Ossai,25,DE,76,263
1007,4,589,Josh Allen,29,QB,77,237
1008,6,64,Josh Blackwell,26,DB,71,179
1009,32,1651,Josh Conerly Jr.,22,T,76,315
1010,14,101,Josh Downs,24,WR,69,171
1011,2,1611,Josh Fryar,24,OL,77,320
1012,17,830,Josh Harris,36,LS,73,224
1013,30,167,Josh Hayes,26,CB,72,190
1014,15,946,Josh Hines-Allen,28,DE,77,255
1015,12,1204,Josh Jacobs,28,RB,70,223
1016,28,294,Josh Jobe,27,CB,71,190
1017,32,341,Josh Johnson,39,QB,75,214
1018,28,1639,Josh Jones,28,OT,79,339
1019,13,107,Josh Kelly,24,WR,73,192
1020,25,1482,Josh Myers,27,C,77,310
1021,7,295,Josh Newton,25,CB,71,190
1022,21,1113,Josh Oliver,28,TE,77,264
1023,20,1432,Josh Priebe,24,OL,77,306
1024,25,18,Josh Reynolds,31,WR,75,192
1025,2,1127,Josh Sweat,28,OLB,77,265
1026,18,168,Josh Wallace,25,CB,72,190
1027,12,560,Josh Whyle,26,TE,79,248
1028,30,1077,Josh Williams,25,RB,69,210
1029,1,1073,Josh Woods,29,ILB,73,235
1030,22,483,Joshua Dobbs,31,QB,75,220
1031,5,1368,Joshua Gray,25,G,77,299
1032,2,335,Joshua Karty,24,K,74,208
1033,26,618,Joshua Uche,27,OLB,75,226
1034,16,22,Joshua Williams,26,CB,75,193
1035,2,1041,Josiah Deguara,29,TE,74,240
1036,1,1735,Jovaughn Gwyn,26,OL,74,310
1037,25,1782,Jowon Briggs,24,DL,73,313
1038,14,1222,JT Tuimoloau,22,DE,76,264
1039,13,1682,Juice Scruggs,26,C,75,310
1040,20,49,JuJu Brents,26,CB,75,198
1041,16,639,JuJu Smith-Schuster,29,WR,73,215
1042,22,989,Julian Ashby,23,LS,73,231
1043,23,467,Julian Blackmon,27,S,72,202
1044,32,1524,Julian Good-Jones,29,G,77,313
1045,20,998,Julian Hill,25,TE,76,251
1046,28,424,Julian Love,27,S,71,195
1047,31,1186,Julius Chestnut,25,RB,71,228
1048,13,1630,Junior Tafuna,25,DT,75,305
1049,9,677,Justin Barron,24,LB,76,235
1050,18,1751,Justin Dedich,25,OL,72,296
1051,17,1342,Justin Eboigbe,24,DL,77,292
1052,25,642,Justin Fields,27,QB,75,227
1053,17,439,Justin Herbert,27,QB,78,236
1054,21,150,Justin Jefferson,26,WR,73,195
1055,23,443,Justin Reid,29,S,73,207
1056,21,1440,Justin Skule,29,T,78,315
1057,10,799,Justin Strnad,29,ILB,75,235
1058,13,503,Justin Watson,29,WR,74,215
1059,23,597,Juwan Johnson,29,TE,76,231
1060,20,1171,K.C. Ossai,23,LB,73,240
1061,20,1245,K.J. Britt,26,LB,72,240
1062,1,1042,Kaden Elliss,30,ILB,74,240
1063,13,702,Kaevon Merriweather,26,S,72,212
1064,23,319,Kai Kroeger,23,P,75,213
1065,31,329,Kaiir Elam,24,CB,73,202
1066,13,55,Ka'imi Fairbairn,32,K,72,183
1067,32,696,Kain Medrano,25,LB,75,230
1068,27,831,Kaleb Johnson,22,RB,73,224
1069,31,735,Kalel Mullings,23,RB,74,226
1070,2,296,Kalen King,23,CB,71,190
1071,29,1736,Kalia Davis,27,DL,74,310
1072,11,455,Kalif Raymond,31,WR,68,180
1073,18,586,Kam Curl,27,S,72,207
1074,13,36,Kamari Lassiter,23,CB,72,180
1075,30,30,Kameron Johnson,23,WR,70,170
1076,18,435,Kamren Kinchens,23,S,72,201
1077,16,926,Kareem Hunt,30,RB,71,216
1078,10,1016,Karene Reid,26,ILB,72,226
1079,12,1510,Karl Brooks,25,DL,75,296
1080,9,3,KaVontae Turpin,29,WR,69,153
1081,11,1755,Kayode Awosika,27,G,75,322
1082,22,475,Kayshon Boutte,23,WR,71,197
1083,17,20,KeAndre Lambert-Smith,24,WR,73,182
1084,3,718,Keaton Mitchell,24,RB,68,190
1085,2,685,Kedon Slovis,24,QB,74,223
1086,27,1571,Keeanu Benton,24,DT,76,309
1087,17,399,Keenan Allen,33,WR,74,211
1088,25,375,Keidron Smith,26,DB,74,210
1089,29,1337,Keion White,27,DL,77,290
1090,12,693,Keisean Nixon,28,CB,70,200
1091,20,1290,Keith Cooper Jr.,22,DE,77,280
1092,15,27,Keith Taylor,26,CB,75,195
1093,26,314,Kelee Ringo,23,CB,74,207
1094,4,481,Keleki Latu,23,TE,79,244
1095,23,1543,Kelvin Banks Jr.,21,T,77,315
1096,2,1665,Kelvin Beachum,36,OL,75,308
1097,31,297,Kemon Hall,28,CB,71,190
1098,20,1423,Kendall Lamm,33,T,77,305
1099,7,968,Kendall Milton,24,HB,73,230
1100,17,489,Kendall Williamson,25,S,72,203
1101,31,561,Kendell Brooks,26,DB,72,206
1102,23,881,Kendre Miller,23,RB,72,220
1103,7,255,Kendric Pryor,28,WR,71,189
1104,29,394,Kendrick Bourne,30,WR,73,205
1105,8,1652,Kendrick Green,27,OL,76,315
1106,25,520,Kene Nwangwu,28,RB,73,210
1107,27,827,Kenneth Gainwell,26,RB,69,200
1108,20,1793,Kenneth Grant,22,DT,75,335
1109,28,1086,Kenneth Walker III,25,RB,69,211
1110,9,1715,Kenny Clark,30,DT,75,314
1111,14,584,Kenny Moore II,30,CB,69,190
1112,19,484,Kenny Pickett,27,QB,75,220
1113,1,1763,Kentavius Street,29,DL,74,315
1114,4,228,Keon Coleman,22,WR,76,215
1115,3,504,Keondre Jackson,23,S,74,215
1116,7,558,Ke'Shawn Williams,24,WR,69,189
1117,23,142,Kevin Austin Jr.,25,WR,74,200
1118,6,974,Kevin Byard III,32,DB,71,218
1119,18,1796,Kevin Dotson,29,OL,74,328
1120,29,1569,Kevin Givens,29,DL,73,285
1121,16,298,Kevin Knowles,22,DB,71,190
1122,31,1761,Kevin Zeitler,36,G,76,332
1123,3,89,Keyon Martin,24,CB,69,170
1124,25,1810,Khalen Saunders Jr.,29,DL,72,324
1125,1,1081,Khalid Kareem,27,ED,76,255
1126,11,671,Khalil Dorsey,27,CB,68,188
1127,25,1114,Khalil Herbert,27,RB,69,212
1128,17,1308,Khalil Mack,35,OLB,75,269
1129,4,169,Khalil Shakir,26,WR,72,190
1130,23,1775,Khristian Boyd,26,DT,74,320
1131,22,1804,Khyiris Tonga,29,DL,74,335
1132,25,887,Kiko Mauigoa,22,LB,74,233
1133,17,1258,Kimani Vidal,24,RB,68,215
1134,30,256,Kindle Vildor,28,CB,71,189
1135,8,1631,Kingsley Eguakun,24,C,75,305
1136,12,1122,Kingsley Enagbare,26,DL,76,258
1137,25,1162,Kingsley Jonathan,27,DL,76,260
1138,16,1730,Kingsley Suamataia,23,T,76,326
1139,20,1381,Kion Smith,27,OL,77,300
1140,1,130,Kirk Cousins,37,QB,75,205
1141,12,527,Kitan Oladapo,25,S,74,216
1142,22,1196,K'Lavon Chaisson,26,LB,75,255
1143,25,1276,Kobe King,23,LB,73,250
1144,22,234,Kobee Minor,23,DB,71,188
1145,18,1740,Kobie Turner,26,DE,72,294
1146,25,1764,Kohl Levao,28,OL,78,350
1147,18,53,Konata Mumpfield,23,WR,73,188
1148,23,530,Kool-Aid McKinstry,23,CB,71,199
1149,24,170,Korie Black,23,CB,72,190
1150,10,56,Kris Abrams-Draine,24,CB,71,178
1151,25,580,Kris Boyd,29,DB,71,201
1152,7,1683,Kris Jenkins Jr.,24,DT,75,310
1153,16,476,Kristian Fulton,27,CB,71,197
1154,10,1603,Kristian Williams,25,DT,74,295
1155,5,801,Krys Barnes,27,ILB,74,229
1156,8,1772,KT Leveston,26,T,76,335
1157,14,1286,Kwity Paye,27,DE,75,265
1158,11,239,Kyle Allen,30,QB,75,210
1159,27,741,Kyle Dugger,29,S,73,220
1160,3,304,Kyle Hamilton,24,S,76,218
1161,1,1765,Kyle Hinton,28,OL,74,315
1162,29,935,Kyle Juszczyk,34,FB,74,235
1163,17,927,Kyle Kennard,24,OLB,77,254
1164,6,1142,Kyle Monangai,23,RB,68,207
1165,1,719,Kyle Pitts Sr.,25,TE,78,250
1166,3,1197,Kyle Van Noy,34,OLB,75,255
1167,22,299,Kyle Williams,23,WR,71,190
1168,26,947,Kylen Granson,27,TE,75,242
1169,6,554,Kyler Gordon,26,DB,71,200
1170,13,1515,Kyonte Hamilton,23,DT,76,304
1171,18,1002,Kyren Williams,25,RB,69,207
1172,2,1667,L.J. Collier,30,DL,74,300
1173,5,1362,LaBryan Ray,28,DE,76,290
1174,1,1529,LaCale London,28,DL,75,297
1175,17,83,Ladd McConkey,24,WR,72,185
1176,14,1128,Laiatu Latu,25,DE,77,265
1177,3,90,LaJohntay Wester,23,WR,69,170
1178,3,252,Lamar Jackson,29,QB,74,205
1179,26,1655,Landon Dickerson,27,G,78,332
1180,26,1565,Lane Johnson,35,T,78,325
1181,14,505,Laquon Treadwell,30,WR,74,215
1182,32,1525,Laremy Tunsil,31,T,77,313
1183,18,1746,Larrell Murchison,28,DE,72,295
1184,20,1670,Larry Borom,26,OL,77,325
1185,4,1710,Larry Ogunjobi,31,DT,74,305
1186,5,562,Lathan Ransom,23,S,72,206
1187,30,1027,Lavonte David,36,LB,73,233
1188,13,1219,Layne Pryor,23,TE,74,250
1189,12,1716,Lecitus Smith,27,G,75,314
1190,25,477,Lenny Krieg,24,K,74,214
1191,1,908,Leonard Floyd,33,ED,75,240
1192,28,1586,Leonard Williams,31,DT,76,310
1193,15,436,LeQuint Allen Jr.,21,RB,72,201
1194,10,720,Levelle Bailey,25,ILB,74,225
1195,21,1721,Levi Drake Rodriguez,25,DL,74,307
1196,7,697,Liam Anderson,25,LB,75,230
1197,25,1618,Liam Fornadel,26,G,76,312
1198,1,1135,Liam McCullough,28,LS,74,245
1199,10,459,Lil'Jordan Humphrey,27,WR,76,225
1200,15,440,Logan Cooke,30,P,77,230
1201,30,1259,Logan Hall,25,DL,78,283
1202,27,1318,Logan Lee,25,DT,77,286
1203,19,643,Lonnie Johnson Jr.,30,S,74,221
1204,10,918,Lucas Krull,27,TE,78,260
1205,7,1706,Lucas Patrick,32,G,75,313
1206,12,1228,Lukas Van Ness,24,DL,77,272
1207,29,846,Luke Farrell,28,TE,77,250
1208,29,971,Luke Gifford,30,LB,75,243
1209,30,1511,Luke Goedeke,27,T,77,312
1210,30,1335,Luke Haggard,26,T,79,305
1211,13,668,Luke Lachey,24,TE,78,247
1212,12,765,Luke Musgrave,25,TE,78,253
1213,6,1666,Luke Newman,24,OL,75,308
1214,14,999,Luke Rhodes,33,LS,74,238
1215,9,847,Luke Schoonmaker,27,TE,77,250
1216,14,1339,Luke Tenuta,26,T,80,314
1217,10,1382,Luke Wattenberg,28,C,77,300
1218,8,1604,Luke Wypler,24,C,75,303
1219,6,657,Luther Burden III,22,WR,72,210
1220,15,1433,Maason Smith,23,DT,77,306
1221,25,102,Mac Dalena,24,WR,70,176
1222,29,485,Mac Jones,27,QB,75,220
1223,26,470,Mac McWilliams,24,CB,70,191
1224,22,362,Mack Hollins,32,WR,76,221
1225,5,1097,Maema Njongmeta,24,LB,72,230
1226,8,901,Malachi Corley,23,WR,71,215
1227,25,449,Malachi Moore,24,DB,71,196
1228,3,347,Malaki Starks,22,S,73,203
1229,19,972,Malcolm Koonce,27,DE,75,243
1230,10,1427,Malcolm Roach,27,DT,75,290
1231,11,1214,Malcolm Rodriguez,26,LB,71,230
1232,9,606,Malik Davis,27,RB,71,202
1233,27,1056,Malik Harrison,28,LB,75,247
1234,1,450,Malik Heath,25,WR,74,213
1235,9,430,Malik Hooker,29,S,74,212
1236,29,832,Malik Mustapha,23,S,70,206
1237,29,197,Malik Turner,30,WR,74,202
1238,20,851,Malik Washington,25,WR,68,195
1239,12,855,Malik Willis,26,QB,73,225
1240,5,828,Mapalo Mwansa,21,LB,74,230
1241,25,742,Marcelino McCrary-Ball,26,LB,72,214
1242,7,321,Marco Wilson,27,CB,71,191
1243,30,171,Marcus Banks,25,S,72,190
1244,22,1415,Marcus Bryant,23,OT,79,320
1245,11,1274,Marcus Davenport,29,OLB,78,285
1246,26,359,Marcus Epps,30,S,72,198
1247,22,672,Marcus Jones,27,CB,68,188
1248,32,382,Marcus Mariota,32,QB,76,222
1249,24,1383,Marcus Mbow,22,OL,77,300
1250,9,1020,Marist Liufau,25,LB,74,239
1251,3,848,Mark Andrews,30,TE,77,250
1252,30,1172,Markees Watts,26,OLB,73,240
1253,9,131,Markquese Bell,27,S,75,205
1254,3,658,Marlon Humphrey,29,CB,72,210
1255,17,1085,Marlowe Wax,23,LB,73,236
1256,10,1512,Marques Cox,26,T,77,312
1257,29,531,Marques Sigle,23,S,71,199
1258,27,79,Marquez Valdes-Scantling,31,WR,76,206
1259,25,1577,Marquis Hayes,27,G,77,318
1260,30,1355,Marshall Foerner,25,T,78,303
1261,22,698,Marte Mapu,26,LB,75,230
1262,10,110,Marvin Mims Jr.,23,WR,71,182
1263,8,1653,Mason Graham,22,DT,76,315
1264,31,555,Mason Kinsey,27,WR,71,200
1265,27,1544,Mason McCormick,25,G,77,315
1266,28,1551,Mason Richman,23,G,76,307
1267,27,544,Mason Rudolph,30,QB,77,235
1268,25,865,Mason Taylor,21,TE,77,251
1269,23,215,Mason Tipton,25,WR,71,187
1270,16,264,Matt Araiza,25,P,73,200
1271,15,1384,Matt Dickerson,30,DL,77,300
1272,14,1462,Matt Goncalves,25,G,78,317
1273,2,536,Matt Haack,31,P,72,205
1274,29,1719,Matt Hennessy,28,OL,75,315
1275,7,1587,Matt Lee,24,C,76,310
1276,4,948,Matt Milano,31,LB,72,223
1277,12,1012,Matt Orzech,30,LS,75,245
1278,4,91,Matt Prater,41,K,70,175
1279,26,1552,Matt Pryor,31,OL,79,332
1280,1,1545,Matthew Bergeron,26,OL,77,315
1281,20,1632,Matthew Butler,26,DT,75,305
1282,12,322,Matthew Golden,22,WR,71,191
1283,18,613,Matthew Stafford,38,QB,73,214
1284,21,575,Max Brosmer,24,QB,74,218
1285,2,216,Max Melton,23,CB,71,187
1286,25,1370,Max Mitchell,26,OL,78,307
1287,4,123,Maxwell Hairston,22,CB,71,183
1288,25,1797,Mazi Smith,24,DL,75,337
1289,7,1799,McKinnley Jackson,24,DT,74,330
1290,14,57,Mekhi Blackmon,26,CB,71,178
1291,11,1703,Mekhi Wingo,22,DL,72,288
1292,16,37,Melvin Smith Jr.,23,CB,73,185
1293,31,124,Micah Robinson,24,CB,71,183
1294,10,437,Michael Bandy,28,WR,70,190
1295,2,1001,Michael Carter,26,RB,68,201
1296,26,269,Michael Carter II,27,CB,70,184
1297,10,1399,Michael Deiter,29,C,78,310
1298,28,472,Michael Dickson,30,P,73,208
1299,1,1468,Michael Jerrell,26,OT,77,309
1300,21,1493,Michael Jurgens,26,G,77,311
1301,19,1087,Michael Mayer,24,TE,76,256
1302,11,1385,Michael Niese,28,OL,77,300
1303,14,412,Michael Pittman Jr.,28,WR,76,223
1304,5,143,Michael Reid,23,CB,74,200
1305,30,630,Michael Wiley,24,RB,72,209
1306,2,451,Michael Wilson,26,WR,74,213
1307,25,1090,Micheal Clemons,28,DL,77,263
1308,16,1463,Mike Caliendo,28,OL,76,301
1309,16,804,Mike Edwards,29,S,70,205
1310,30,468,Mike Evans,32,WR,77,231
1311,1,379,Mike Ford Jr,30,CB,72,199
1312,7,625,Mike Gesicki,30,TE,78,245
1313,3,1108,Mike Green,22,OLB,75,250
1314,8,1561,Mike Hall Jr.,22,DT,75,300
1315,5,521,Mike Jackson,29,CB,73,210
1316,30,1416,Mike Jordan,28,G,78,312
1317,10,1341,Mike McGlinchey,31,T,80,315
1318,28,1326,Mike Morris,24,DE,78,295
1319,22,1806,Mike Onwenu,28,OL,75,350
1320,16,1753,Mike Pennel,34,NT,76,330
1321,32,217,Mike Sainristil,25,CB,70,182
1322,20,41,Miles Battle,26,CB,75,196
1323,11,1566,Miles Frazier,24,OL,78,325
1324,22,1428,Milton Williams,26,DT,75,290
1325,20,444,Minkah Fitzpatrick,29,S,73,207
1326,7,395,Mitch Tinsley,26,WR,73,205
1327,4,619,Mitch Wishnowsky,34,P,74,220
1328,5,1004,Mitchell Evans,22,TE,77,258
1329,10,686,Mitchell Fraboni,29,LS,74,223
1330,4,532,Mitchell Trubisky,31,QB,75,222
1331,14,1173,Mo Alie-Cox,32,TE,77,267
1332,30,1298,Mohamed Kamara,25,OLB,73,253
1333,8,460,Mohamoud Diabate,24,LB,76,225
1334,23,973,Moliki Matavao,22,TE,78,263
1335,15,172,Montaric Brown,26,CB,72,190
1336,6,1102,Montez Sweat,29,DL,78,270
1337,5,953,Montrell Johnson Jr.,23,RB,71,217
1338,31,640,Morgan Cox,39,LS,76,233
1339,22,1504,Morgan Moses,35,OT,78,320
1340,26,1445,Moro Ojomo,24,DT,75,292
1341,25,699,Mykal Walker,28,LB,75,230
1342,13,632,Myles Bryant,28,CB,69,192
1343,8,1283,Myles Garrett,30,DE,76,272
1344,8,425,Myles Harden,24,CB,71,195
1345,7,1251,Myles Murphy,24,DE,77,275
1346,21,383,Myles Price,24,WR,69,183
1347,6,23,Nahshon Wright,27,DB,76,199
1348,26,1225,Nakobe Dean,25,LB,71,231
1349,13,1707,Naquan Jones,28,DT,75,313
1350,30,1588,Nash Hutmacher,24,DL,76,310
1351,10,1642,Nash Jones,23,G,76,314
1352,10,1147,Nate Adkins,26,TE,75,252
1353,18,1057,Nate Landman,27,ILB,73,234
1354,9,1757,Nate Thomas,24,T,76,331
1355,3,21,Nate Wiggins,22,CB,73,182
1356,1,729,Nathan Carter,23,RB,70,202
1357,23,1654,Nathan Shepherd,32,DT,76,315
1358,1,32,Natrone Brooks,26,CB,71,175
1359,16,669,Nazeeh Johnson,27,CB,70,199
1360,12,1737,Nazir Stackhouse,23,DL,76,327
1361,28,121,Nehemiah Pritchett,25,CB,72,188
1362,14,1722,Neville Gallimore,29,DT,74,307
1363,24,936,Neville Hewitt,32,LB,74,235
1364,5,1279,Nic Scourton,21,OLB,74,257
1365,32,1589,Nick Allegretti,29,G,76,310
1366,32,1277,Nick Bellore,36,LB,73,250
1367,16,1280,Nick Bolton,25,LB,71,237
1368,13,1174,Nick Chubb,30,RB,71,227
1369,14,703,Nick Cross,24,S,72,212
1370,28,620,Nick Emmanwori,22,S,74,220
1371,25,785,Nick Folk,41,K,73,222
1372,18,1284,Nick Hampton,25,OLB,73,251
1373,27,1043,Nick Herbig,24,LB,74,240
1374,30,1198,Nick Jackson,25,LB,72,235
1375,28,1237,Nick Kallerup,24,TE,76,266
1376,6,95,Nick McCloud,27,DB,73,191
1377,3,1299,Nick Moore,33,LS,74,260
1378,15,659,Nick Mullens,30,QB,72,210
1379,12,767,Nick Niemann,28,LB,75,234
1380,23,1451,Nick Saldiveri,25,OL,78,316
1381,5,1643,Nick Samac,24,C,76,314
1382,5,556,Nick Scott,30,FS,71,200
1383,18,1221,Nick Vannett,33,TE,75,257
1384,11,265,Nick Whiteside,25,CB,73,200
1385,13,384,Nico Collins,26,WR,76,222
1386,10,909,Nik Bonitto,26,OLB,75,240
1387,7,963,Noah Fant,28,TE,76,249
1388,16,910,Noah Gray,26,TE,75,240
1389,32,478,Noah Igbinoghene,26,CB,71,197
1390,16,266,Nohl Williams,23,DB,73,200
1391,26,1000,Nolan Smith Jr.,25,OLB,74,238
1392,25,1046,Ochaun Mathis,27,LB,77,260
1393,4,1777,O'Cyrus Torrence,26,G,77,347
1394,17,866,Odafe Oweh,27,OLB,77,251
1395,6,951,Olamide Zaccheaus,28,WR,68,199
1396,31,1505,Olisaemeka Udoh,29,OL,78,320
1397,20,721,Ollie Gordon II,22,RB,74,225
1398,25,1417,Olu Fashanu,23,OL,78,312
1399,28,1729,Olu Oluwatimi,26,C,74,309
1400,20,267,Omar Brown,25,DB,73,200
1401,18,1058,Omar Speights,25,ILB,73,234
1402,17,882,Omarion Hampton,22,RB,72,220
1403,7,751,Oren Burks,30,LB,75,233
1404,7,1661,Orlando Brown Jr.,29,OT,80,350
1405,17,569,Oronde Gadsden,22,TE,77,236
1406,9,1409,Osa Odighizuwa,27,DT,74,280
1407,17,1699,Otito Ogbonnia,25,DL,76,320
1408,2,1098,Owen Pappoe,25,ILB,72,230
1409,30,1211,Owen Wright,27,RB,69,217
1410,10,730,P.J. Locke,29,S,70,202
1411,15,773,Parker Washington,23,WR,70,204
1412,25,576,Paschal Ekeji,23,DE,76,230
1413,10,232,Pat Bryant,23,WR,74,204
1414,27,1005,Pat Freiermuth,27,TE,77,258
1415,10,198,Pat Surtain II,25,CB,74,202
1416,15,1530,Patrick Mekari,28,OL,76,305
1417,28,894,Patrick O'Connell,27,LB,73,227
1418,20,1472,Patrick Paul,24,T,79,326
1419,27,1140,Patrick Queen,26,LB,72,232
1420,3,1562,Patrick Ricard,31,FB,75,300
1421,24,108,Paulson Adebo,26,CB,73,192
1422,30,949,Payne Durham,25,TE,77,255
1423,25,1452,Payton Page,23,DL,76,300
1424,27,812,Payton Wilson,25,LB,76,242
1425,11,1732,Penei Sewell,25,T,77,335
1426,32,173,Percy Butler,25,S,72,190
1427,23,950,Pete Werner,26,LB,75,242
1428,31,1626,Peter Skoronski,24,OL,76,313
1429,2,758,Pharaoh Brown,31,TE,77,246
1430,4,1619,Phidarian Mathis,27,DT,76,312
1431,9,1179,Phil Mafah,23,RB,72,234
1432,14,386,Philip Rivers,44,QB,77,228
1433,7,490,PJ Jules,24,S,72,203
1434,2,1700,PJ Mustipher,27,DL,76,320
1435,18,1807,Poona Ford,30,NT,71,314
1436,32,1129,Preston Smith,33,DE,77,265
1437,5,861,Princely Umanmielen,23,OLB,76,244
1438,18,786,Puka Nacua,24,WR,72,216
1439,32,281,Quan Martin,25,S,72,195
1440,12,794,Quay Walker,25,LB,76,241
1441,10,838,Que Robinson,24,OLB,76,243
1442,17,336,Quentin Johnston,24,WR,74,208
1443,18,366,Quentin Lake,27,S,73,204
1444,25,7,Quentin Skinner,24,WR,77,195
1445,14,1709,Quenton Nelson,29,G,77,330
1446,26,229,Quez Watkins,27,WR,72,193
1447,23,426,Quincy Riley,24,CB,71,195
1448,25,1215,Quincy Williams,29,LB,71,230
1449,20,356,Quinn Ewers,22,QB,74,209
1450,10,1745,Quinn Meinerz,27,G,75,320
1451,9,1605,Quinnen Williams,28,DT,75,303
1452,15,1103,Quintin Morris,27,TE,74,243
1453,20,1123,Quinton Bell,29,LB,76,258
1454,26,230,Quinyon Mitchell,24,CB,72,193
1455,25,339,Qwan'tez Stiggers,24,CB,72,197
1456,30,743,Rachaad White,27,RB,72,214
1457,24,348,Raheem Layne,26,S,71,192
1458,19,978,Raheem Mostert,33,RB,70,212
1459,8,1099,Raheim Sanders,23,RB,72,230
1460,30,1078,Rashad Wisdom,24,S,69,210
1461,12,1271,Rashan Gary,28,DL,77,277
1462,12,1553,Rasheed Walker,26,T,78,324
1463,3,787,Rasheen Ali,25,RB,71,210
1464,28,38,Rashid Shaheed,27,WR,72,180
1465,3,117,Rashod Bateman,26,WR,73,193
1466,20,357,Rasul Douglas,31,CB,74,209
1467,4,1301,Ray Davis,26,RB,68,220
1468,8,744,Rayshawn Jenkins,32,S,73,220
1469,15,479,Rayuan Lane III,22,S,71,197
1470,26,349,Reed Blankenship,27,S,73,203
1471,10,533,Reese Taylor,26,CB,69,188
1472,4,1281,Reggie Gilliam,28,FB,72,244
1473,4,937,Reid Ferguson,31,LS,74,235
1474,23,51,Rejzohn Wright,25,CB,74,193
1475,29,97,Renardo Green,25,CB,72,186
1476,14,928,Reuben Lowery III,23,S,69,204
1477,8,564,Rex Sunahara,29,LS,78,242
1478,22,1031,Rhamondre Stevenson,28,RB,72,227
1479,29,61,Ricky Pearsall,25,WR,73,189
1480,5,902,Rico Dowdle,27,RB,71,215
1481,24,48,Rico Payton,26,CB,72,182
1482,14,282,Rigoberto Sanchez,31,P,72,195
1483,30,363,Riley Dixon,32,P,76,221
1484,14,196,Riley Leonard,23,QB,76,213
1485,10,231,Riley Moss,26,CB,72,193
1486,20,174,Riley Patterson,26,K,72,190
1487,28,240,Riq Woolen,26,CB,75,210
1488,2,1084,Rivaldo Fairweather,23,TE,75,249
1489,10,1088,RJ Harvey,25,RB,68,205
1490,17,660,RJ Mickens,24,S,72,210
1491,28,1359,Robbie Ouzts,23,FB,74,274
1492,29,985,Robert Beal Jr.,26,DL,76,250
1493,15,1537,Robert Hainsey,27,OL,76,306
1494,5,1540,Robert Hunt,29,G,78,323
1495,5,71,Robert Rochell,27,CB,74,195
1496,22,940,Robert Spillane,30,LB,73,229
1497,16,654,Robert Tonyan,31,TE,77,240
1498,11,427,Rock Ya-Sin,29,CB,71,195
1499,14,188,Rodney Thomas II,27,S,73,196
1500,18,300,Roger McCreary,26,CB,71,190
1501,3,1556,Roger Rosengarten,23,T,77,316
1502,27,332,Roman Wilson,24,WR,70,186
1503,6,342,Rome Odunze,23,WR,75,214
1504,12,233,Romeo Doubs,25,WR,74,204
1505,23,209,Ronnie Bell,26,WR,72,192
1506,1,343,Ronnie Harrison,28,ILB,75,214
1507,8,495,Ronnie Hickman,24,S,73,209
1508,18,768,Ronnie Rivers,27,RB,69,198
1509,3,1400,Ronnie Stanley,31,T,78,310
1510,3,1074,Roquan Smith,28,ILB,73,235
1511,15,1246,Ross Matiscik,29,LS,72,240
1512,11,1747,Roy Lopez,28,DL,74,312
1513,24,1812,Roy Robertson-Harris,32,DT,69,300
1514,6,1206,Ruben Hyppolite II,24,LB,72,236
1515,1,1406,Ruke Orhorhoro,24,DL,76,295
1516,7,570,Russ Yeast,26,S,70,195
1517,24,695,Russell Wilson,37,QB,71,206
1518,6,1538,Ryan Bates,29,OL,76,306
1519,5,369,Ryan Fitzgerald,25,K,71,193
1520,9,268,Ryan Flournoy,26,WR,73,200
1521,27,1386,Ryan McCollum,28,C,77,300
1522,24,644,Ryan Miller,26,WR,74,221
1523,1,1633,Ryan Neuzil,28,OL,75,305
1524,7,678,Ryan Rehkow,27,P,76,235
1525,4,1371,Ryan Van Demark,27,T,78,307
1526,21,1013,Ryan Wright,25,P,75,245
1527,28,1363,Rylie Mills,24,DE,76,290
1528,5,1704,Saahdiq Charles,26,G,76,321
1529,10,1333,Sai'vion Jones,22,DE,77,289
1530,28,722,Sam Darnold,28,QB,74,225
1531,10,788,Sam Ehlinger,27,QB,73,222
1532,4,241,Sam Franklin Jr.,30,DB,75,210
1533,32,496,Sam Hartman,26,QB,73,209
1534,26,745,Sam Howell,25,QB,73,220
1535,8,1497,Sam Kamara,28,DT,72,272
1536,5,396,Sam Martin,36,P,73,205
1537,10,1644,Sam Mustipher,29,C,75,306
1538,29,1375,Sam Okuayinonu,27,DL,73,269
1539,8,248,Sam Webb,27,CB,72,194
1540,7,1305,Samaje Perine,30,HB,71,240
1541,23,189,Samori Toure,27,WR,73,196
1542,14,1014,Samson Ebukam,30,DE,75,245
1543,25,409,Samuel Womack III,26,CB,70,189
1544,31,789,Sanoussi Kane,24,S,71,210
1545,26,1156,Saquon Barkley,29,RB,72,233
1546,14,16,Sauce Gardner,24,CB,75,190
1547,6,1136,Scott Daly,32,LS,74,245
1548,17,1410,Scott Matlock,25,DL,76,296
1549,27,147,Scotty Miller,28,WR,69,174
1550,7,431,Sean Clifford,27,QB,74,212
1551,12,1624,Sean Rhyan,25,G,77,321
1552,30,805,Sean Tucker,24,RB,70,205
1553,27,626,Sebastian Castro,25,S,71,203
1554,31,1590,Sebastian Joseph-Day,30,DE,76,310
1555,4,1591,Sedrick Van Pran-Granger,24,C,76,310
1556,14,1028,Segun Olubi,26,LB,73,233
1557,20,1029,Seth Coleman,25,LB,75,246
1558,7,864,Shaka Heyward,25,LB,75,238
1559,4,661,Shane Buechele,28,QB,72,210
1560,11,862,Shane Zylstra,29,TE,76,244
1561,4,1100,Shaq Thompson,31,OLB,72,230
1562,9,127,Shavon Revel Jr.,23,CB,73,194
1563,8,432,Shedeur Sanders,24,QB,74,212
1564,19,222,Shedrick Jackson,26,WR,73,198
1565,8,1499,Shelby Harris,34,DT,74,288
1566,32,1686,Sheldon Day,31,DT,73,294
1567,13,1711,Sheldon Rankins,31,DT,74,305
1568,12,410,Shemar Bartholomew,25,CB,72,200
1569,9,790,Shemar James,21,LB,73,222
1570,7,1175,Shemar Stewart,22,DE,77,267
1571,32,1563,Shy Tuttle,30,DT,75,300
1572,13,1578,Sidy Sow,27,G,77,318
1573,11,929,Sione Vaki,24,RB,71,216
1574,29,563,Siran Neal,31,DB,72,206
1575,30,1101,SirVocea Dennis,25,LB,72,230
1576,29,571,Skyy Moore,25,WR,70,195
1577,26,708,Smael Mondon Jr.,23,LB,74,224
1578,13,1109,Solomon Byrd,26,DE,75,250
1579,9,1456,Solomon Thomas,30,DT,74,285
1580,27,1424,Spencer Anderson,25,OL,77,305
1581,4,1329,Spencer Brown,28,T,80,311
1582,29,1453,Spencer Burford,25,OL,76,300
1583,23,681,Spencer Rattler,25,QB,72,211
1584,22,195,Stefon Diggs,32,WR,72,191
1585,30,539,Sterling Shepard,33,WR,70,194
1586,18,350,Stetson Bennett IV,28,QB,71,192
1587,18,1808,Steve Avila,26,OL,73,332
1588,19,1310,Stone Forsythe,28,OL,80,307
1589,25,487,Stone Smartt,27,TE,76,226
1590,26,958,Sydney Brown,25,S,70,211
1591,21,806,T.J. Hockenson,28,TE,77,248
1592,4,1419,T.J. Sanders,22,DT,76,297
1593,7,1758,T.J. Slaton Jr.,28,DT,77,340
1594,3,242,T.J. Tampa,23,CB,73,199
1595,27,1018,T.J. Watt,31,LB,76,252
1596,7,1241,Tahj Brooks,23,HB,69,220
1597,20,65,Tahj Washington,24,WR,70,174
1598,21,43,Tai Felton,22,WR,73,186
1599,21,1801,Taki Taimani,26,DL,73,324
1600,10,411,Talanoa Hufanga,26,S,72,200
1601,23,1554,Taliese Fuaga,23,T,78,324
1602,26,903,Tank Bigsby,23,RB,71,215
1603,13,10,Tank Dell,26,WR,70,165
1604,7,673,Tanner Hudson,31,TE,77,241
1605,26,333,Tanner McKee,25,QB,78,231
1606,14,1494,Tanor Bortolini,23,C,76,303
1607,26,1394,Ta'Quon Graham,27,DE,76,294
1608,17,190,Tarheeb Still,23,CB,73,196
1609,26,204,Tariq Castro-Fields,27,DB,73,197
1610,11,1441,Tate Ratledge,24,OL,78,315
1611,21,979,Tavierre Thomas,29,S,70,212
1612,3,959,Tavius Robinson,27,OLB,78,262
1613,11,1446,Taylor Decker,32,T,79,324
1614,5,1671,Taylor Moton,31,T,77,325
1615,1,888,Teagan Quitoriano,25,TE,78,259
1616,17,1766,Teair Tart,29,DL,74,315
1617,7,1592,Ted Karras,32,C,76,310
1618,30,376,Teddy Bridgewater,33,QB,74,210
1619,7,351,Tee Higgins,27,WR,76,220
1620,2,522,Tejhaun Palmer,25,WR,73,210
1621,9,1401,Terence Steele,28,T,78,310
1622,20,144,Terrace Marshall Jr.,25,WR,74,200
1623,18,1148,Terrance Ferguson,23,TE,75,252
1624,4,833,Terrel Bernard,26,LB,73,224
1625,19,687,Terrell Edmunds,29,S,73,217
1626,32,662,Terry McLaurin,30,WR,72,210
1627,5,1498,Tershawn Wharton,27,DT,73,280
1628,5,93,Tetairoa McMillan,22,WR,77,212
1629,8,1518,Teven Jenkins,28,G,78,321
1630,30,11,Tez Johnson,23,WR,70,165
1631,22,1645,Thayer Munford Jr.,26,OT,78,331
1632,6,1331,Theo Benedet,24,OL,79,304
1633,21,397,Theo Jackson,27,S,73,205
1634,24,991,Theo Johnson,25,TE,78,264
1635,20,377,Theo Wease Jr.,24,WR,74,210
1636,19,1572,Thomas Booker IV,26,DT,75,301
1637,11,572,Thomas Harper,25,S,70,195
1638,25,1153,Thomas Hennessy,31,LS,74,246
1639,5,1322,Thomas Incoom,27,ST,74,265
1640,29,461,Thomas Morstead,40,P,76,225
1641,15,60,Tim Patrick,32,WR,77,210
1642,11,573,Tom Kennedy,29,WR,70,195
1643,22,378,Tommy DeVito,27,QB,74,210
1644,19,919,Tommy Eichenberg,25,LB,74,234
1645,13,1621,Tommy Togiai,26,DT,74,296
1646,13,96,Tommy Townsend,29,P,73,191
1647,5,986,Tommy Tremble,25,TE,76,250
1648,24,1137,Tomon Fox,27,OLB,74,245
1649,19,1442,Tonka Hemingway,24,DT,74,284
1650,25,627,Tony Adams,27,S,71,203
1651,17,834,Tony Jefferson,34,S,71,212
1652,31,631,Tony Pollard,28,RB,72,209
1653,23,1513,Torricelli Simpkins III,23,G,77,312
1654,6,462,Tory Taylor,28,P,76,225
1655,15,1051,Travis Etienne Jr.,27,RB,70,215
1656,6,960,Travis Homer,27,RB,70,211
1657,3,1786,Travis Jones,26,DL,76,341
1658,16,849,Travis Kelce,36,TE,77,250
1659,15,1229,Travon Walker,25,DE,77,272
1660,8,1117,Trayveon Williams,28,RB,68,206
1661,8,181,Tre Avery,29,CB,71,185
1662,25,334,Tre Brown,28,CB,70,186
1663,17,243,Tre' Harris,24,WR,75,210
1664,19,514,Tre Tucker,25,WR,68,182
1665,4,352,Tre'Davious White,31,CB,71,192
1666,13,301,Tremon Smith,29,CB,71,190
1667,13,1790,Trent Brown,32,T,80,380
1668,32,1612,Trent Scott,32,T,77,320
1669,9,911,Trent Sieg,30,LS,75,240
1670,29,1613,Trent Williams,37,T,77,320
1671,3,938,Trenton Simpson,24,ILB,74,235
1672,32,746,Tress Way,35,P,73,220
1673,22,731,TreVeyon Henderson,23,RB,70,202
1674,5,1082,Trevis Gipson,28,OLB,76,255
1675,5,199,Tre'von Moehrig,26,S,74,202
1676,5,923,Trevor Etienne,21,RS,68,198
1677,9,1434,Trevor Keegan,25,G,77,306
1678,15,114,Trevor Lawrence,26,QB,78,220
1679,11,841,Trevor Nowaske,27,LB,75,237
1680,17,1457,Trevor Penning,26,OT,79,325
1681,7,1230,Trey Hendrickson,31,DE,76,265
1682,17,488,Trey Lance,25,QB,76,226
1683,2,890,Trey McBride,26,TE,76,246
1684,23,77,Trey Palmer,24,WR,73,190
1685,17,1372,Trey Pipkins III,29,G,78,307
1686,16,1519,Trey Smith,26,G,78,321
1687,32,723,Treylon Burks,25,WR,74,225
1688,23,764,Treyton Welch,25,TE,76,240
1689,9,145,Trikweze Bridges,25,CB,74,200
1690,30,1614,Tristan Wirfs,27,T,77,320
1691,19,28,Tristin McCollum,26,S,75,195
1692,17,598,Troy Dye,29,LB,75,225
1693,27,1674,Troy Fautanu,25,OT,76,317
1694,10,1,Troy Franklin,23,WR,75,180
1695,18,1059,Troy Reeder,31,ILB,73,234
1696,31,1199,Truman Jones,25,OLB,75,255
1697,20,856,Tua Tagovailoa,28,QB,73,225
1698,17,1295,Tuli Tuipulotu,23,OLB,75,266
1699,18,26,Tutu Atwell,26,WR,69,165
1700,31,1813,T'Vondre Sweat,24,NT,76,366
1701,21,675,Ty Chandler,27,RB,71,205
1702,18,1731,Ty Hamilton,23,DL,73,301
1703,4,931,Ty Johnson,28,RB,70,210
1704,28,370,Ty Okada,26,S,71,193
1705,26,1327,Ty Robinson,24,DT,77,288
1706,7,253,Tycen Anderson,26,S,74,205
1707,31,428,Tyjae Spears,24,RB,71,195
1708,30,732,Tykee Smith,25,S,70,202
1709,4,1469,Tylan Grable,26,T,77,309
1710,3,557,Tylan Wallace,26,WR,71,200
1711,11,1774,Tyleik Williams,23,DL,75,328
1712,1,1232,Tyler Allgeier,25,RB,70,225
1713,10,895,Tyler Badie,27,RB,68,197
1714,25,1124,Tyler Baron,24,DL,76,258
1715,21,1115,Tyler Batty,26,OLB,78,271
1716,17,1676,Tyler Biadasz,28,C,76,318
1717,9,1705,Tyler Booker,21,G,76,321
1718,17,1068,Tyler Conklin,30,TE,75,248
1719,18,1787,Tyler Davis,25,DE,72,306
1720,14,748,Tyler Goodson,25,RB,69,197
1721,9,1430,Tyler Guyton,23,T,79,322
1722,18,1035,Tyler Higbee,33,TE,76,253
1723,3,367,Tyler Huntley,28,QB,73,204
1724,25,473,Tyler Johnson,27,WR,73,208
1725,11,1345,Tyler Lacy,26,DL,76,285
1726,3,1712,Tyler Linderbaum,25,C,74,305
1727,19,218,Tyler Lockett,33,WR,70,182
1728,3,323,Tyler Loop,24,K,71,191
1729,32,1149,Tyler Ott,34,LS,75,252
1730,32,452,Tyler Owens,24,S,74,213
1731,23,201,Tyler Shough,26,QB,77,219
1732,9,1656,Tyler Smith,24,OL,78,332
1733,26,1520,Tyler Steen,25,OL,78,321
1734,14,839,Tyler Warren,23,TE,78,256
1735,14,1296,Tyquan Lewis,31,DE,75,267
1736,19,1091,Tyree Wilson,25,DE,77,263
1737,5,84,Tyrek Funderburk,25,CB,72,185
1738,16,1200,Tyreke Smith,26,DE,75,255
1739,20,1223,Tyrel Dodson,27,LB,72,237
1740,28,1157,Tyrice Knight,26,LB,72,233
1741,21,1338,Tyrion Ingram-Dawkins,22,DL,77,290
1742,6,704,Tyrique Stevenson,25,DB,72,212
1743,25,688,Tyrod Taylor,36,QB,73,217
1744,12,774,Ty'Ron Hopper,24,LB,74,228
1745,24,791,Tyrone Tracy Jr.,26,RB,71,210
1746,11,1312,Tyrus Wheat,26,OLB,74,263
1747,6,302,Tyson Bagent,25,QB,75,212
1748,8,151,Tyson Campbell,25,CB,73,195
1749,13,1638,Tytus Howard,29,T,77,322
1750,28,1352,Uchenna Nwosu,29,LB,73,265
1751,29,340,Upton Stout,24,CB,69,181
1752,22,1546,Vederian Lowe,26,OT,77,315
1753,15,1141,Ventrell Miller,27,LB,72,232
1754,23,1495,Vernon Broughton,24,DT,77,311
1755,30,1798,Vita Vea,31,NT,76,347
1756,32,1110,Von Miller,36,LB,75,250
1757,15,1458,Walker Little,26,OL,79,325
1758,21,1635,Walter Rouse,24,T,78,330
1759,12,1547,Warren Brinson,24,DL,77,315
1760,18,1767,Warren McClendon Jr.,24,OL,74,315
1761,10,135,Wil Lutz,31,K,71,184
1762,13,840,Will Anderson Jr.,24,DE,76,243
1763,22,1483,Will Campbell,22,OT,78,319
1764,21,1521,Will Fries,27,G,78,321
1765,32,420,Will Harris,30,S,73,206
1766,27,694,Will Howard,24,QB,76,236
1767,2,146,Will Johnson,22,CB,74,200
1768,14,749,Will Mallory,26,TE,76,239
1769,25,878,Will McDonald IV,26,OLB,76,245
1770,19,1464,Will Putnam,25,C,76,301
1771,21,78,Will Reichard,25,K,73,190
1772,26,753,Will Shipley,23,RB,71,209
1773,23,1454,William Sherman,26,G,76,300
1774,7,1044,William Wagner,25,LS,74,240
1775,20,1240,Willie Gay Jr.,28,LB,73,246
1776,13,885,Woody Marks,25,RB,70,208
1777,15,1465,Wyatt Milum,23,OL,78,317
1778,24,559,Xavier Gipson,25,WR,69,189
1779,13,244,Xavier Hutchinson,25,WR,75,210
1780,7,523,Xavier Johnson,26,WR,73,210
1781,5,645,Xavier Legette,25,WR,75,227
1782,12,438,Xavier McKinney,26,S,72,201
1783,25,1636,Xavier Newman,26,OL,74,297
1784,18,316,Xavier Smith,28,WR,69,180
1785,13,1220,Xavier Thomas,26,LB,74,250
1786,23,1418,Xavier Truss,24,T,79,320
1787,1,491,Xavier Watts,24,S,72,203
1788,2,39,Xavier Weaver,25,WR,73,185
1789,16,5,Xavier Worthy,22,WR,71,165
1790,27,1738,Yahya Black,23,DE,77,336
1791,15,1176,Yasir Abdullah,25,LB,73,240
1792,30,1272,Yaya Diaby,26,OLB,76,270
1793,29,1130,Yetur Gross-Matos,28,DL,77,265
1794,5,1367,Yosh Nijman,30,T,79,314
1795,16,1496,Zacch Pickens,26,DT,76,303
1796,10,1316,Zach Allen,28,DL,77,285
1797,27,1684,Zach Frazier,24,C,75,310
1798,20,1344,Zach Sieler,30,DT,78,300
1799,12,1516,Zach Tom,26,OL,76,304
1800,20,480,Zach Wilson,26,QB,74,214
1801,23,1201,Zach Wood,33,LS,75,255
1802,2,1364,Zachary Carter,26,DL,76,290
1803,26,599,Zack Baun,29,LB,75,225
1804,20,497,Zack Kuntz,26,TE,80,251
1805,24,1007,Zaire Barnes,26,LB,73,232
1806,14,1202,Zaire Franklin,29,LB,72,235
1807,23,990,Zaire Mitchell-Paden,26,TE,77,257
1808,8,1402,Zak Zinter,24,G,78,310
1809,19,1177,Zamir White,26,RB,71,227
1810,1,469,Zane Gonzalez,30,K,72,202
1811,2,1273,Zaven Collins,26,OLB,76,270
1812,21,754,Zavier Scott,26,RB,73,221
1813,3,385,Zay Flowers,25,WR,69,183
1814,20,1484,Zeek Biggers,22,DT,78,319
1815,21,2,Zemaiah Vaughn,23,CB,75,180
1816,17,1725,Zion Johnson,26,G,75,316
,,,,,,,
,,,,,,,
,,,,,,,
